candidate_x,candidate_y,candidate_z,count
Elizabeth Warren,Kamala Harris,Pete Buttigieg,18675
Elizabeth Warren,Julián Castro,Kamala Harris,12458
Cory Booker,Elizabeth Warren,Kamala Harris,10823
Elizabeth Warren,Julián Castro,Pete Buttigieg,9469
Julián Castro,Kamala Harris,Pete Buttigieg,9287
Bernie Sanders,Elizabeth Warren,Kamala Harris,9058
Elizabeth Warren,Kamala Harris,Kirsten Gillibrand,9000
Bernie Sanders,Elizabeth Warren,Pete Buttigieg,8345
Amy Klobuchar,Elizabeth Warren,Kamala Harris,8100
Cory Booker,Kamala Harris,Pete Buttigieg,8098
Cory Booker,Julián Castro,Kamala Harris,7687
Beto O'Rourke,Kamala Harris,Pete Buttigieg,7504
Cory Booker,Elizabeth Warren,Pete Buttigieg,7385
Cory Booker,Elizabeth Warren,Julián Castro,7353
Beto O'Rourke,Elizabeth Warren,Kamala Harris,7033
Beto O'Rourke,Elizabeth Warren,Pete Buttigieg,6979
Bernie Sanders,Mike Gravel,Tulsi Gabbard,6761
Elizabeth Warren,Joe Biden,Kamala Harris,6602
Joe Biden,Kamala Harris,Pete Buttigieg,6427
Amy Klobuchar,Kamala Harris,Pete Buttigieg,6206
Elizabeth Warren,Jay Inslee,Kamala Harris,6069
Cory Booker,Julián Castro,Pete Buttigieg,5858
Elizabeth Warren,Kirsten Gillibrand,Pete Buttigieg,5464
Amy Klobuchar,Elizabeth Warren,Pete Buttigieg,5417
Elizabeth Warren,Jay Inslee,Pete Buttigieg,5384
Elizabeth Warren,Julián Castro,Kirsten Gillibrand,5256
Elizabeth Warren,Joe Biden,Pete Buttigieg,5095
Bernie Sanders,Elizabeth Warren,Jay Inslee,5030
Kamala Harris,Kirsten Gillibrand,Pete Buttigieg,4814
Amy Klobuchar,Julián Castro,Kamala Harris,4793
Elizabeth Warren,Jay Inslee,Julián Castro,4707
Amy Klobuchar,Cory Booker,Kamala Harris,4593
Julián Castro,Kamala Harris,Kirsten Gillibrand,4584
Bernie Sanders,Elizabeth Warren,Julián Castro,4571
Amy Klobuchar,Elizabeth Warren,Julián Castro,4571
Cory Booker,Elizabeth Warren,Kirsten Gillibrand,4570
Bernie Sanders,Kamala Harris,Pete Buttigieg,4405
Cory Booker,Kamala Harris,Kirsten Gillibrand,4288
Bernie Sanders,Cory Booker,Elizabeth Warren,4242
Amy Klobuchar,Cory Booker,Elizabeth Warren,4169
Amy Klobuchar,Kamala Harris,Kirsten Gillibrand,4151
Amy Klobuchar,Elizabeth Warren,Kirsten Gillibrand,4097
Cory Booker,Joe Biden,Kamala Harris,4084
Bernie Sanders,Elizabeth Warren,Tulsi Gabbard,4067
Beto O'Rourke,Joe Biden,Pete Buttigieg,4058
Jay Inslee,Kamala Harris,Pete Buttigieg,3974
Beto O'Rourke,Joe Biden,Kamala Harris,3924
Amy Klobuchar,Julián Castro,Pete Buttigieg,3888
Beto O'Rourke,Julián Castro,Kamala Harris,3852
Amy Klobuchar,Cory Booker,Julián Castro,3837
Beto O'Rourke,Elizabeth Warren,Julián Castro,3819
Joe Biden,Julián Castro,Kamala Harris,3769
Bernie Sanders,Beto O'Rourke,Elizabeth Warren,3711
Cory Booker,Elizabeth Warren,Jay Inslee,3698
Beto O'Rourke,Julián Castro,Pete Buttigieg,3639
Cory Booker,Julián Castro,Kirsten Gillibrand,3628
Beto O'Rourke,Cory Booker,Kamala Harris,3614
Jay Inslee,Julián Castro,Kamala Harris,3562
Amy Klobuchar,Cory Booker,Pete Buttigieg,3481
Bernie Sanders,Elizabeth Warren,Mike Gravel,3478
Cory Booker,Elizabeth Warren,Joe Biden,3411
Bernie Sanders,Elizabeth Warren,Kirsten Gillibrand,3302
Elizabeth Warren,Joe Biden,Julián Castro,3284
Andrew Yang,Bernie Sanders,Tulsi Gabbard,3246
Julián Castro,Kirsten Gillibrand,Pete Buttigieg,3201
Amy Klobuchar,Joe Biden,Kamala Harris,3201
Jay Inslee,Julián Castro,Pete Buttigieg,3188
Cory Booker,Jay Inslee,Kamala Harris,3169
Elizabeth Warren,Jay Inslee,Kirsten Gillibrand,3165
Beto O'Rourke,Cory Booker,Elizabeth Warren,3156
Joe Biden,Julián Castro,Pete Buttigieg,3150
Cory Booker,Jay Inslee,Julián Castro,3105
Beto O'Rourke,Cory Booker,Pete Buttigieg,3059
Beto O'Rourke,Elizabeth Warren,Joe Biden,3058
Bernie Sanders,Cory Booker,Kamala Harris,3031
Amy Klobuchar,Joe Biden,Pete Buttigieg,2944
Cory Booker,Joe Biden,Pete Buttigieg,2936
Cory Booker,Joe Biden,Julián Castro,2871
Cory Booker,Kirsten Gillibrand,Pete Buttigieg,2858
Bernie Sanders,Elizabeth Warren,Joe Biden,2850
Amy Klobuchar,Elizabeth Warren,Jay Inslee,2732
Bernie Sanders,Beto O'Rourke,Pete Buttigieg,2720
Amy Klobuchar,Julián Castro,Kirsten Gillibrand,2713
Bernie Sanders,Julián Castro,Kamala Harris,2707
Andrew Yang,Bernie Sanders,Elizabeth Warren,2680
Amy Klobuchar,Cory Booker,Kirsten Gillibrand,2666
Amy Klobuchar,Elizabeth Warren,Joe Biden,2666
Elizabeth Warren,Eric Swalwell,Kamala Harris,2662
Bernie Sanders,Beto O'Rourke,Kamala Harris,2616
Amy Klobuchar,Beto O'Rourke,Pete Buttigieg,2587
Amy Klobuchar,Beto O'Rourke,Kamala Harris,2573
Cory Booker,Jay Inslee,Pete Buttigieg,2526
Beto O'Rourke,Cory Booker,Julián Castro,2468
Amy Klobuchar,Jay Inslee,Kamala Harris,2462
Amy Klobuchar,Kirsten Gillibrand,Pete Buttigieg,2395
Bernie Sanders,Julián Castro,Pete Buttigieg,2351
Bernie Sanders,Elizabeth Warren,Marianne Williamson,2326
Jay Inslee,Kamala Harris,Kirsten Gillibrand,2319
Elizabeth Warren,Eric Swalwell,Pete Buttigieg,2304
Amy Klobuchar,Jay Inslee,Julián Castro,2299
Eric Swalwell,Kamala Harris,Pete Buttigieg,2269
Beto O'Rourke,Joe Biden,Julián Castro,2261
Elizabeth Warren,Kamala Harris,Michael Bennet,2258
Jay Inslee,Julián Castro,Kirsten Gillibrand,2257
Amy Klobuchar,Bernie Sanders,Elizabeth Warren,2227
Andrew Yang,Elizabeth Warren,Pete Buttigieg,2222
Amy Klobuchar,Beto O'Rourke,Elizabeth Warren,2216
Elizabeth Warren,Eric Swalwell,Julián Castro,2164
Joe Biden,Kamala Harris,Kirsten Gillibrand,2146
Bernie Sanders,Cory Booker,Julián Castro,2141
Amy Klobuchar,Jay Inslee,Pete Buttigieg,2134
Beto O'Rourke,Elizabeth Warren,Jay Inslee,2127
Bernie Sanders,Joe Biden,Kamala Harris,2125
Bernie Sanders,Cory Booker,Pete Buttigieg,2124
Beto O'Rourke,Kamala Harris,Kirsten Gillibrand,2118
Beto O'Rourke,Elizabeth Warren,Kirsten Gillibrand,2107
Bernie Sanders,Marianne Williamson,Tulsi Gabbard,2105
Amy Klobuchar,Joe Biden,Julián Castro,2091
Bernie Sanders,Jay Inslee,Kamala Harris,2082
Elizabeth Warren,Joe Biden,Kirsten Gillibrand,2080
Amy Klobuchar,Cory Booker,Jay Inslee,2040
Eric Swalwell,Julián Castro,Kamala Harris,2022
Elizabeth Warren,Michael Bennet,Pete Buttigieg,2021
Cory Booker,Jay Inslee,Kirsten Gillibrand,2008
Amy Klobuchar,Cory Booker,Joe Biden,2000
Kamala Harris,Michael Bennet,Pete Buttigieg,1985
Elizabeth Warren,Julián Castro,Michael Bennet,1973
Eric Swalwell,Julián Castro,Pete Buttigieg,1958
Bernie Sanders,Kamala Harris,Kirsten Gillibrand,1933
Beto O'Rourke,Cory Booker,Joe Biden,1931
Bernie Sanders,Jay Inslee,Pete Buttigieg,1929
Elizabeth Warren,Jay Inslee,Joe Biden,1898
Beto O'Rourke,Jay Inslee,Pete Buttigieg,1832
Beto O'Rourke,Kirsten Gillibrand,Pete Buttigieg,1815
Cory Booker,Julián Castro,Michael Bennet,1813
Jay Inslee,Joe Biden,Kamala Harris,1810
Andrew Yang,Bernie Sanders,Mike Gravel,1808
Julián Castro,Kamala Harris,Michael Bennet,1805
Beto O'Rourke,Jay Inslee,Kamala Harris,1804
Jay Inslee,Kirsten Gillibrand,Pete Buttigieg,1799
Cory Booker,Eric Swalwell,Julián Castro,1792
Bernie Sanders,Jay Inslee,Julián Castro,1788
Julián Castro,Michael Bennet,Pete Buttigieg,1775
Cory Booker,Elizabeth Warren,Eric Swalwell,1768
Amy Klobuchar,Beto O'Rourke,Julián Castro,1759
Cory Booker,Eric Swalwell,Kamala Harris,1742
Cory Booker,Elizabeth Warren,Michael Bennet,1701
Cory Booker,Kamala Harris,Michael Bennet,1676
Amy Klobuchar,Bernie Sanders,Kamala Harris,1663
Amy Klobuchar,Beto O'Rourke,Joe Biden,1659
Amy Klobuchar,Jay Inslee,Kirsten Gillibrand,1649
Andrew Yang,Bernie Sanders,Pete Buttigieg,1648
Bernie Sanders,Joe Biden,Pete Buttigieg,1628
Cory Booker,Joe Biden,Kirsten Gillibrand,1579
Elizabeth Warren,Kamala Harris,Marianne Williamson,1577
Amy Klobuchar,Beto O'Rourke,Cory Booker,1562
Amy Klobuchar,Michael Bennet,Pete Buttigieg,1554
Jay Inslee,Joe Biden,Pete Buttigieg,1531
Elizabeth Warren,Jay Inslee,Michael Bennet,1529
Amy Klobuchar,Elizabeth Warren,Michael Bennet,1528
Andrew Yang,Elizabeth Warren,Kamala Harris,1521
Joe Biden,Kirsten Gillibrand,Pete Buttigieg,1520
Bernie Sanders,Marianne Williamson,Mike Gravel,1519
Amy Klobuchar,Kamala Harris,Michael Bennet,1513
Amy Klobuchar,Julián Castro,Michael Bennet,1508
Jay Inslee,Julián Castro,Michael Bennet,1502
Joe Biden,Julián Castro,Kirsten Gillibrand,1482
Cory Booker,Michael Bennet,Pete Buttigieg,1482
Bernie Sanders,Pete Buttigieg,Tulsi Gabbard,1481
Andrew Yang,Mike Gravel,Tulsi Gabbard,1478
Amy Klobuchar,Cory Booker,Michael Bennet,1474
Cory Booker,Eric Swalwell,Pete Buttigieg,1465
Beto O'Rourke,Julián Castro,Kirsten Gillibrand,1452
Eric Swalwell,Joe Biden,Kamala Harris,1446
Bernie Sanders,Cory Booker,Kirsten Gillibrand,1445
Bernie Sanders,Cory Booker,Jay Inslee,1442
Jay Inslee,Joe Biden,Julián Castro,1432
Bernie Sanders,Kirsten Gillibrand,Pete Buttigieg,1420
Joe Biden,Michael Bennet,Pete Buttigieg,1419
Bernie Sanders,Beto O'Rourke,Julián Castro,1414
Beto O'Rourke,Cory Booker,Kirsten Gillibrand,1394
Bernie Sanders,Beto O'Rourke,Joe Biden,1391
Andrew Yang,Kamala Harris,Pete Buttigieg,1387
Joe Biden,Kamala Harris,Michael Bennet,1373
Beto O'Rourke,Jay Inslee,Julián Castro,1371
Eric Swalwell,Joe Biden,Pete Buttigieg,1368
Bernie Sanders,Julián Castro,Kirsten Gillibrand,1356
Elizabeth Warren,Eric Swalwell,Joe Biden,1345
Amy Klobuchar,Eric Swalwell,Kamala Harris,1345
Amy Klobuchar,Elizabeth Warren,Eric Swalwell,1339
Amy Klobuchar,Eric Swalwell,Julián Castro,1337
Amy Klobuchar,Bernie Sanders,Pete Buttigieg,1337
Amy Klobuchar,Joe Biden,Kirsten Gillibrand,1330
Bernie Sanders,Beto O'Rourke,Cory Booker,1326
Cory Booker,Jay Inslee,Joe Biden,1309
Bernie Sanders,Jay Inslee,Kirsten Gillibrand,1308
Elizabeth Warren,Eric Swalwell,Jay Inslee,1306
Beto O'Rourke,Eric Swalwell,Pete Buttigieg,1293
Elizabeth Warren,Marianne Williamson,Pete Buttigieg,1281
Elizabeth Warren,Joe Biden,Michael Bennet,1273
Elizabeth Warren,Eric Swalwell,Kirsten Gillibrand,1271
Cory Booker,Jay Inslee,Michael Bennet,1269
Elizabeth Warren,Kirsten Gillibrand,Michael Bennet,1263
Elizabeth Warren,Kamala Harris,Tulsi Gabbard,1259
Beto O'Rourke,Cory Booker,Jay Inslee,1250
Eric Swalwell,Jay Inslee,Julián Castro,1245
Amy Klobuchar,Jay Inslee,Joe Biden,1240
Bernie Sanders,Cory Booker,Joe Biden,1236
Cory Booker,Kirsten Gillibrand,Michael Bennet,1234
Bernie Sanders,Jay Inslee,Tulsi Gabbard,1233
Joe Biden,Julián Castro,Michael Bennet,1225
Elizabeth Warren,Pete Buttigieg,Tulsi Gabbard,1221
Beto O'Rourke,Eric Swalwell,Kamala Harris,1220
Eric Swalwell,Joe Biden,Julián Castro,1215
Amy Klobuchar,Eric Swalwell,Pete Buttigieg,1207
Jay Inslee,Kamala Harris,Michael Bennet,1206
Jay Inslee,Michael Bennet,Pete Buttigieg,1205
Amy Klobuchar,Cory Booker,Eric Swalwell,1203
Julián Castro,Kirsten Gillibrand,Michael Bennet,1187
Beto O'Rourke,Elizabeth Warren,Eric Swalwell,1183
Amy Klobuchar,Bernie Sanders,Cory Booker,1179
Elizabeth Warren,Kamala Harris,Steve Bullock,1166
Andrew Yang,Elizabeth Warren,Julián Castro,1160
Marianne Williamson,Mike Gravel,Tulsi Gabbard,1149
Eric Swalwell,Julián Castro,Kirsten Gillibrand,1145
Amy Klobuchar,Joe Biden,Michael Bennet,1145
Amy Klobuchar,Jay Inslee,Michael Bennet,1133
Amy Klobuchar,Beto O'Rourke,Kirsten Gillibrand,1125
Amy Klobuchar,Bernie Sanders,Julián Castro,1123
Beto O'Rourke,Michael Bennet,Pete Buttigieg,1120
Cory Booker,Eric Swalwell,Joe Biden,1105
Kamala Harris,Kirsten Gillibrand,Michael Bennet,1100
Cory Booker,Joe Biden,Michael Bennet,1097
Eric Swalwell,Kamala Harris,Kirsten Gillibrand,1084
Andrew Yang,Elizabeth Warren,Jay Inslee,1074
Elizabeth Warren,Mike Gravel,Tulsi Gabbard,1073
Elizabeth Warren,Julián Castro,Marianne Williamson,1068
Cory Booker,Eric Swalwell,Jay Inslee,1063
Bernie Sanders,Beto O'Rourke,Jay Inslee,1062
Bernie Sanders,Joe Biden,Julián Castro,1061
Elizabeth Warren,Pete Buttigieg,Steve Bullock,1061
Kamala Harris,Pete Buttigieg,Steve Bullock,1061
Beto O'Rourke,Eric Swalwell,Julián Castro,1052
Eric Swalwell,Jay Inslee,Kamala Harris,1050
Eric Swalwell,Julián Castro,Michael Bennet,1043
Beto O'Rourke,Joe Biden,Kirsten Gillibrand,1041
Cory Booker,Eric Swalwell,Kirsten Gillibrand,1039
Amy Klobuchar,Kirsten Gillibrand,Michael Bennet,1038
Beto O'Rourke,Elizabeth Warren,Michael Bennet,1030
Beto O'Rourke,Jay Inslee,Joe Biden,1030
Bernie Sanders,Elizabeth Warren,Michael Bennet,1028
Elizabeth Warren,Jay Inslee,Marianne Williamson,1025
Elizabeth Warren,Kirsten Gillibrand,Marianne Williamson,1017
Beto O'Rourke,Kamala Harris,Michael Bennet,1016
Eric Swalwell,Jay Inslee,Pete Buttigieg,1014
Andrew Yang,Bernie Sanders,Marianne Williamson,1009
Andrew Yang,Julián Castro,Pete Buttigieg,1009
Andrew Yang,Elizabeth Warren,Tulsi Gabbard,1006
Amy Klobuchar,Beto O'Rourke,Jay Inslee,1003
Kamala Harris,Marianne Williamson,Pete Buttigieg,1000
Bernie Sanders,Jay Inslee,Marianne Williamson,955
Bernie Sanders,Jay Inslee,Mike Gravel,946
Elizabeth Warren,Eric Swalwell,Michael Bennet,946
Elizabeth Warren,Julián Castro,Steve Bullock,945
Jay Inslee,Kirsten Gillibrand,Michael Bennet,944
Amy Klobuchar,Bernie Sanders,Kirsten Gillibrand,941
Beto O'Rourke,Julián Castro,Michael Bennet,933
Bernie Sanders,Kamala Harris,Tulsi Gabbard,929
Elizabeth Warren,Jay Inslee,Steve Bullock,926
Cory Booker,Eric Swalwell,Michael Bennet,924
Elizabeth Warren,Jay Inslee,Tulsi Gabbard,913
Bernie Sanders,Marianne Williamson,Pete Buttigieg,913
Beto O'Rourke,Eric Swalwell,Joe Biden,912
Andrew Yang,Marianne Williamson,Tulsi Gabbard,907
Eric Swalwell,Kirsten Gillibrand,Pete Buttigieg,907
Amy Klobuchar,Bernie Sanders,Jay Inslee,900
Andrew Yang,Cory Booker,Elizabeth Warren,896
Cory Booker,Elizabeth Warren,Marianne Williamson,894
Andrew Yang,Jay Inslee,Pete Buttigieg,894
Andrew Yang,Julián Castro,Kamala Harris,891
Bernie Sanders,Elizabeth Warren,Eric Swalwell,887
Julián Castro,Pete Buttigieg,Steve Bullock,887
Beto O'Rourke,Jay Inslee,Kirsten Gillibrand,882
Kirsten Gillibrand,Michael Bennet,Pete Buttigieg,880
Bernie Sanders,Beto O'Rourke,Kirsten Gillibrand,877
Eric Swalwell,Michael Bennet,Pete Buttigieg,876
Elizabeth Warren,Pete Buttigieg,Seth Moulton,873
Elizabeth Warren,Kamala Harris,Seth Moulton,871
Jay Inslee,Joe Biden,Kirsten Gillibrand,868
Kamala Harris,Pete Buttigieg,Tulsi Gabbard,865
Bernie Sanders,Mike Gravel,Pete Buttigieg,863
Beto O'Rourke,Joe Biden,Michael Bennet,863
Amy Klobuchar,Eric Swalwell,Jay Inslee,861
Bernie Sanders,Kamala Harris,Marianne Williamson,861
Amy Klobuchar,Eric Swalwell,Joe Biden,858
Jay Inslee,Joe Biden,Michael Bennet,851
Eric Swalwell,Kamala Harris,Michael Bennet,849
Julián Castro,Kamala Harris,Steve Bullock,838
Elizabeth Warren,Mike Gravel,Pete Buttigieg,837
Amy Klobuchar,Pete Buttigieg,Steve Bullock,834
Elizabeth Warren,Julián Castro,Tulsi Gabbard,833
Andrew Yang,Beto O'Rourke,Pete Buttigieg,832
Elizabeth Warren,Kirsten Gillibrand,Tulsi Gabbard,829
Amy Klobuchar,Bernie Sanders,Beto O'Rourke,828
Amy Klobuchar,Eric Swalwell,Kirsten Gillibrand,827
Beto O'Rourke,Cory Booker,Eric Swalwell,825
Amy Klobuchar,Bernie Sanders,Joe Biden,816
Cory Booker,Elizabeth Warren,Steve Bullock,812
Julián Castro,Kamala Harris,Marianne Williamson,801
Andrew Yang,Bernie Sanders,Jay Inslee,798
Cory Booker,Kamala Harris,Steve Bullock,798
Andrew Yang,Cory Booker,Kamala Harris,797
Eric Swalwell,Jay Inslee,Michael Bennet,795
Bernie Sanders,Joe Biden,Kirsten Gillibrand,794
Jay Inslee,Julián Castro,Steve Bullock,793
Andrew Yang,Cory Booker,Pete Buttigieg,789
Andrew Yang,Bernie Sanders,Kamala Harris,787
Beto O'Rourke,Cory Booker,Michael Bennet,783
Cory Booker,Kamala Harris,Marianne Williamson,780
Eric Swalwell,Jay Inslee,Kirsten Gillibrand,778
Bernie Sanders,Jay Inslee,Joe Biden,778
Amy Klobuchar,Elizabeth Warren,Steve Bullock,771
Elizabeth Warren,Marianne Williamson,Tulsi Gabbard,771
Amy Klobuchar,Eric Swalwell,Michael Bennet,768
Cory Booker,Julián Castro,Steve Bullock,767
Andrew Yang,Pete Buttigieg,Tulsi Gabbard,765
Bernie Sanders,Julián Castro,Tulsi Gabbard,764
Kamala Harris,Pete Buttigieg,Seth Moulton,760
Andrew Yang,Elizabeth Warren,Kirsten Gillibrand,753
Kamala Harris,Kirsten Gillibrand,Marianne Williamson,750
Amy Klobuchar,Kamala Harris,Steve Bullock,749
Jay Inslee,Pete Buttigieg,Steve Bullock,747
Joe Biden,Kirsten Gillibrand,Michael Bennet,738
Joe Biden,Pete Buttigieg,Steve Bullock,737
Andrew Yang,Cory Booker,Julián Castro,736
Amy Klobuchar,Beto O'Rourke,Michael Bennet,736
Elizabeth Warren,Julián Castro,Seth Moulton,733
Michael Bennet,Pete Buttigieg,Steve Bullock,729
Cory Booker,Pete Buttigieg,Steve Bullock,726
Amy Klobuchar,Julián Castro,Steve Bullock,723
Eric Swalwell,Joe Biden,Michael Bennet,704
Julián Castro,Marianne Williamson,Pete Buttigieg,702
Beto O'Rourke,Pete Buttigieg,Steve Bullock,700
Bernie Sanders,Elizabeth Warren,Steve Bullock,700
Cory Booker,Elizabeth Warren,Seth Moulton,699
Jay Inslee,Kamala Harris,Steve Bullock,693
Cory Booker,Julián Castro,Seth Moulton,691
Cory Booker,Julián Castro,Marianne Williamson,689
Julián Castro,Michael Bennet,Steve Bullock,676
Kamala Harris,Kirsten Gillibrand,Tulsi Gabbard,673
Amy Klobuchar,Beto O'Rourke,Eric Swalwell,671
Andrew Yang,Beto O'Rourke,Elizabeth Warren,669
Elizabeth Warren,Jay Inslee,Mike Gravel,668
Amy Klobuchar,Jay Inslee,Steve Bullock,666
Amy Klobuchar,Michael Bennet,Steve Bullock,665
Amy Klobuchar,Elizabeth Warren,Marianne Williamson,664
Julián Castro,Pete Buttigieg,Seth Moulton,661
Amy Klobuchar,Elizabeth Warren,Tulsi Gabbard,660
Elizabeth Warren,Michael Bennet,Steve Bullock,659
Bernie Sanders,Kirsten Gillibrand,Marianne Williamson,657
Cory Booker,Elizabeth Warren,Tulsi Gabbard,656
Amy Klobuchar,Cory Booker,Steve Bullock,656
Julián Castro,Kamala Harris,Tulsi Gabbard,656
Bernie Sanders,Julián Castro,Michael Bennet,655
Julián Castro,Pete Buttigieg,Tulsi Gabbard,653
Amy Klobuchar,Kamala Harris,Tulsi Gabbard,651
Bernie Sanders,Kamala Harris,Michael Bennet,650
Andrew Yang,Bernie Sanders,Julián Castro,649
John Hickenlooper,Kamala Harris,Pete Buttigieg,647
Andrew Yang,Elizabeth Warren,Mike Gravel,646
Bernie Sanders,Kirsten Gillibrand,Tulsi Gabbard,644
Joe Biden,Kamala Harris,Steve Bullock,642
Andrew Yang,Jay Inslee,Julián Castro,642
Julián Castro,Kamala Harris,Seth Moulton,641
Elizabeth Warren,John Hickenlooper,Kamala Harris,638
Bernie Sanders,Julián Castro,Marianne Williamson,637
Jay Inslee,Julián Castro,Marianne Williamson,632
Beto O'Rourke,Jay Inslee,Michael Bennet,631
Elizabeth Warren,Jay Inslee,Seth Moulton,631
Eric Swalwell,Kirsten Gillibrand,Michael Bennet,630
Jay Inslee,Michael Bennet,Steve Bullock,629
Cory Booker,Kamala Harris,Tulsi Gabbard,626
Jay Inslee,Julián Castro,Seth Moulton,625
Bernie Sanders,Jay Inslee,Michael Bennet,625
Elizabeth Warren,Kirsten Gillibrand,Steve Bullock,622
Cory Booker,Kamala Harris,Seth Moulton,621
Eric Swalwell,Jay Inslee,Joe Biden,620
Cory Booker,Jay Inslee,Steve Bullock,620
Julián Castro,Kirsten Gillibrand,Marianne Williamson,613
Elizabeth Warren,Joe Biden,Steve Bullock,611
Amy Klobuchar,Andrew Yang,Pete Buttigieg,610
Beto O'Rourke,Kamala Harris,Steve Bullock,609
Eric Swalwell,Joe Biden,Kirsten Gillibrand,608
Bernie Sanders,Eric Swalwell,Kamala Harris,606
Elizabeth Warren,John Hickenlooper,Pete Buttigieg,606
Amy Klobuchar,Andrew Yang,Elizabeth Warren,601
Andrew Yang,Kirsten Gillibrand,Pete Buttigieg,600
Amy Klobuchar,Kamala Harris,Marianne Williamson,592
Kamala Harris,Michael Bennet,Steve Bullock,585
Andrew Yang,Elizabeth Warren,Marianne Williamson,584
Amy Klobuchar,John Hickenlooper,Pete Buttigieg,583
Andrew Yang,Jay Inslee,Kamala Harris,581
Cory Booker,Pete Buttigieg,Seth Moulton,578
Bernie Sanders,Cory Booker,Michael Bennet,577
Bernie Sanders,Elizabeth Warren,Seth Moulton,576
Cory Booker,Marianne Williamson,Pete Buttigieg,575
Bernie Sanders,Michael Bennet,Pete Buttigieg,573
Cory Booker,Kirsten Gillibrand,Marianne Williamson,571
Elizabeth Warren,Kirsten Gillibrand,Seth Moulton,570
Bernie Sanders,Eric Swalwell,Julián Castro,568
Beto O'Rourke,Elizabeth Warren,Steve Bullock,567
Andrew Yang,Kamala Harris,Kirsten Gillibrand,565
Cory Booker,Michael Bennet,Steve Bullock,565
Amy Klobuchar,Joe Biden,Steve Bullock,563
Beto O'Rourke,Elizabeth Warren,Marianne Williamson,557
Cory Booker,Jay Inslee,Seth Moulton,555
Cory Booker,Pete Buttigieg,Tulsi Gabbard,555
Jay Inslee,Kamala Harris,Marianne Williamson,552
Julián Castro,Kirsten Gillibrand,Seth Moulton,552
Beto O'Rourke,Eric Swalwell,Kirsten Gillibrand,545
Kirsten Gillibrand,Marianne Williamson,Pete Buttigieg,545
Jay Inslee,Pete Buttigieg,Seth Moulton,544
Bernie Sanders,Eric Swalwell,Pete Buttigieg,544
Beto O'Rourke,Eric Swalwell,Jay Inslee,543
Jay Inslee,Marianne Williamson,Pete Buttigieg,542
Elizabeth Warren,Kamala Harris,Tim Ryan,541
Kamala Harris,Kirsten Gillibrand,Steve Bullock,539
Andrew Yang,Julián Castro,Kirsten Gillibrand,538
Andrew Yang,Beto O'Rourke,Kamala Harris,537
Cory Booker,Julián Castro,Tulsi Gabbard,536
Amy Klobuchar,Andrew Yang,Kamala Harris,535
Bernie Sanders,Cory Booker,Marianne Williamson,534
Jay Inslee,Pete Buttigieg,Tulsi Gabbard,534
Cory Booker,Kirsten Gillibrand,Seth Moulton,534
Julián Castro,Michael Bennet,Seth Moulton,533
Amy Klobuchar,Elizabeth Warren,Seth Moulton,530
Amy Klobuchar,Julián Castro,Seth Moulton,529
Amy Klobuchar,Pete Buttigieg,Seth Moulton,528
Beto O'Rourke,Kirsten Gillibrand,Michael Bennet,528
Andrew Yang,Bernie Sanders,Beto O'Rourke,524
Joe Biden,Pete Buttigieg,Seth Moulton,523
Julián Castro,Kirsten Gillibrand,Steve Bullock,523
Jay Inslee,Kirsten Gillibrand,Marianne Williamson,522
Bernie Sanders,Cory Booker,Eric Swalwell,522
Joe Biden,Julián Castro,Steve Bullock,521
Andrew Yang,Cory Booker,Jay Inslee,519
Kamala Harris,Pete Buttigieg,Tim Ryan,518
Amy Klobuchar,Pete Buttigieg,Tulsi Gabbard,518
Jay Inslee,Kirsten Gillibrand,Steve Bullock,517
Amy Klobuchar,Cory Booker,Seth Moulton,516
Cory Booker,Kirsten Gillibrand,Steve Bullock,515
Elizabeth Warren,Pete Buttigieg,Tim Ryan,513
Kirsten Gillibrand,Pete Buttigieg,Tulsi Gabbard,512
Amy Klobuchar,Kamala Harris,Seth Moulton,511
Jay Inslee,Michael Bennet,Seth Moulton,511
John Hickenlooper,Julián Castro,Pete Buttigieg,510
Amy Klobuchar,Kirsten Gillibrand,Marianne Williamson,508
Bernie Sanders,Cory Booker,Tulsi Gabbard,507
Bernie Sanders,Kirsten Gillibrand,Michael Bennet,506
Cory Booker,John Hickenlooper,Kamala Harris,506
Beto O'Rourke,Pete Buttigieg,Seth Moulton,506
Beto O'Rourke,Marianne Williamson,Pete Buttigieg,505
Andrew Yang,Marianne Williamson,Mike Gravel,504
Andrew Yang,Cory Booker,Kirsten Gillibrand,502
Cory Booker,John Hickenlooper,Pete Buttigieg,501
Beto O'Rourke,Eric Swalwell,Michael Bennet,500
Elizabeth Warren,John Hickenlooper,Julián Castro,499
Jay Inslee,John Hickenlooper,Pete Buttigieg,499
Amy Klobuchar,Kirsten Gillibrand,Tulsi Gabbard,499
Cory Booker,Elizabeth Warren,John Hickenlooper,497
Jay Inslee,John Hickenlooper,Julián Castro,496
Beto O'Rourke,Julián Castro,Steve Bullock,496
Elizabeth Warren,Jay Inslee,John Hickenlooper,496
Andrew Yang,Marianne Williamson,Pete Buttigieg,494
Jay Inslee,Kamala Harris,Seth Moulton,492
Bernie Sanders,Eric Swalwell,Jay Inslee,492
John Hickenlooper,Julián Castro,Kamala Harris,492
Cory Booker,Michael Bennet,Seth Moulton,491
Joe Biden,Michael Bennet,Steve Bullock,489
Beto O'Rourke,Joe Biden,Steve Bullock,489
Elizabeth Warren,Joe Biden,Seth Moulton,489
Andrew Yang,Bernie Sanders,Cory Booker,487
Joe Biden,Kamala Harris,Seth Moulton,487
Amy Klobuchar,Elizabeth Warren,John Hickenlooper,486
Beto O'Rourke,Kamala Harris,Marianne Williamson,485
Amy Klobuchar,John Hickenlooper,Kamala Harris,485
Cory Booker,Jay Inslee,Marianne Williamson,484
Kamala Harris,Kirsten Gillibrand,Seth Moulton,483
Jay Inslee,Kirsten Gillibrand,Seth Moulton,483
Cory Booker,Joe Biden,Steve Bullock,483
Amy Klobuchar,Andrew Yang,Julián Castro,481
Jay Inslee,Kamala Harris,Tulsi Gabbard,479
Cory Booker,John Hickenlooper,Julián Castro,479
Julián Castro,Kirsten Gillibrand,Tulsi Gabbard,478
Amy Klobuchar,Jay Inslee,Seth Moulton,478
Beto O'Rourke,Elizabeth Warren,Seth Moulton,477
Jay Inslee,Julián Castro,Tulsi Gabbard,476
Amy Klobuchar,Julián Castro,Marianne Williamson,473
Andrew Yang,Joe Biden,Pete Buttigieg,472
Beto O'Rourke,Kamala Harris,Seth Moulton,470
Amy Klobuchar,Jay Inslee,John Hickenlooper,465
Bernie Sanders,Beto O'Rourke,Tulsi Gabbard,463
Elizabeth Warren,Michael Bennet,Seth Moulton,460
Elizabeth Warren,Marianne Williamson,Mike Gravel,460
Amy Klobuchar,Kirsten Gillibrand,Steve Bullock,460
Kirsten Gillibrand,Pete Buttigieg,Steve Bullock,457
Amy Klobuchar,Cory Booker,John Hickenlooper,456
Elizabeth Warren,Julián Castro,Mike Gravel,455
Amy Klobuchar,Andrew Yang,Cory Booker,454
Amy Klobuchar,Marianne Williamson,Pete Buttigieg,453
Jay Inslee,Joe Biden,Steve Bullock,453
Eric Swalwell,Julián Castro,Seth Moulton,452
Michael Bennet,Pete Buttigieg,Seth Moulton,452
Amy Klobuchar,John Hickenlooper,Julián Castro,451
Amy Klobuchar,Bernie Sanders,Michael Bennet,450
Joe Biden,Julián Castro,Seth Moulton,444
Andrew Yang,Jay Inslee,Kirsten Gillibrand,444
John Hickenlooper,Michael Bennet,Pete Buttigieg,443
Beto O'Rourke,Elizabeth Warren,Tulsi Gabbard,443
Beto O'Rourke,Pete Buttigieg,Tulsi Gabbard,442
Kirsten Gillibrand,Michael Bennet,Seth Moulton,441
Amy Klobuchar,Michael Bennet,Seth Moulton,441
Bernie Sanders,Beto O'Rourke,Marianne Williamson,440
Amy Klobuchar,Beto O'Rourke,Steve Bullock,439
Elizabeth Warren,Joe Biden,Marianne Williamson,439
Beto O'Rourke,Cory Booker,Steve Bullock,435
Julián Castro,Pete Buttigieg,Tim Ryan,434
Marianne Williamson,Pete Buttigieg,Tulsi Gabbard,434
Eric Swalwell,Julián Castro,Steve Bullock,433
Bernie Sanders,Kamala Harris,Steve Bullock,431
Cory Booker,Jay Inslee,John Hickenlooper,430
Andrew Yang,Bernie Sanders,Kirsten Gillibrand,430
Amy Klobuchar,Julián Castro,Tulsi Gabbard,429
Jay Inslee,Kirsten Gillibrand,Tulsi Gabbard,428
Kirsten Gillibrand,Pete Buttigieg,Seth Moulton,425
Jay Inslee,John Hickenlooper,Kamala Harris,425
Kamala Harris,Michael Bennet,Seth Moulton,423
Amy Klobuchar,Kirsten Gillibrand,Seth Moulton,420
Amy Klobuchar,Cory Booker,Marianne Williamson,419
Cory Booker,Kirsten Gillibrand,Tulsi Gabbard,419
Bernie Sanders,Jay Inslee,Steve Bullock,418
Kirsten Gillibrand,Michael Bennet,Steve Bullock,417
Elizabeth Warren,Julián Castro,Tim Ryan,416
Cory Booker,Elizabeth Warren,Tim Ryan,416
Cory Booker,Kamala Harris,Tim Ryan,415
Elizabeth Warren,John Hickenlooper,Kirsten Gillibrand,413
Cory Booker,Joe Biden,Seth Moulton,411
Elizabeth Warren,Eric Swalwell,Seth Moulton,411
Joe Biden,Kamala Harris,Marianne Williamson,409
Andrew Yang,Beto O'Rourke,Julián Castro,408
Jay Inslee,Mike Gravel,Tulsi Gabbard,408
Elizabeth Warren,Eric Swalwell,Steve Bullock,408
Julián Castro,Kamala Harris,Tim Ryan,402
Jay Inslee,John Hickenlooper,Kirsten Gillibrand,401
Bernie Sanders,Joe Biden,Michael Bennet,401
Beto O'Rourke,Jay Inslee,Steve Bullock,400
Eric Swalwell,Michael Bennet,Seth Moulton,399
Eric Swalwell,Michael Bennet,Steve Bullock,399
Cory Booker,Julián Castro,Tim Ryan,396
Cory Booker,Eric Swalwell,Seth Moulton,396
Bernie Sanders,Beto O'Rourke,Michael Bennet,396
Eric Swalwell,Pete Buttigieg,Seth Moulton,395
Eric Swalwell,Jay Inslee,Seth Moulton,395
Jay Inslee,Marianne Williamson,Tulsi Gabbard,394
Bernie Sanders,Julián Castro,Mike Gravel,393
Amy Klobuchar,Andrew Yang,Jay Inslee,393
Amy Klobuchar,John Hickenlooper,Michael Bennet,392
Eric Swalwell,Pete Buttigieg,Steve Bullock,392
Beto O'Rourke,Julián Castro,Seth Moulton,390
Joe Biden,John Hickenlooper,Pete Buttigieg,390
Bernie Sanders,Elizabeth Warren,Tim Ryan,389
Cory Booker,Pete Buttigieg,Tim Ryan,389
Cory Booker,John Hickenlooper,Kirsten Gillibrand,388
Andrew Yang,Elizabeth Warren,Joe Biden,388
Amy Klobuchar,Cory Booker,Tulsi Gabbard,388
Andrew Yang,Jay Inslee,Tulsi Gabbard,387
Elizabeth Warren,Jay Inslee,Tim Ryan,386
John Hickenlooper,Julián Castro,Kirsten Gillibrand,386
Eric Swalwell,Jay Inslee,Steve Bullock,384
Amy Klobuchar,Pete Buttigieg,Tim Ryan,384
Jay Inslee,John Hickenlooper,Michael Bennet,383
Amy Klobuchar,Bernie Sanders,Tulsi Gabbard,383
Mike Gravel,Pete Buttigieg,Tulsi Gabbard,382
Beto O'Rourke,Kamala Harris,Tulsi Gabbard,382
Amy Klobuchar,Joe Biden,Seth Moulton,378
Beto O'Rourke,Julián Castro,Marianne Williamson,378
Bernie Sanders,Julián Castro,Steve Bullock,376
Beto O'Rourke,Michael Bennet,Steve Bullock,375
Bernie Sanders,Eric Swalwell,Kirsten Gillibrand,374
Jay Inslee,Julián Castro,Tim Ryan,374
Joe Biden,Michael Bennet,Seth Moulton,373
John Hickenlooper,Kamala Harris,Kirsten Gillibrand,371
Amy Klobuchar,Jay Inslee,Marianne Williamson,369
Cory Booker,Jay Inslee,Tulsi Gabbard,368
Joe Biden,Pete Buttigieg,Tim Ryan,366
Beto O'Rourke,John Hickenlooper,Pete Buttigieg,366
John Hickenlooper,Julián Castro,Michael Bennet,365
Bernie Sanders,Pete Buttigieg,Steve Bullock,363
Joe Biden,Marianne Williamson,Pete Buttigieg,361
Andrew Yang,Mike Gravel,Pete Buttigieg,360
Cory Booker,John Hickenlooper,Michael Bennet,360
Cory Booker,Eric Swalwell,Steve Bullock,357
Amy Klobuchar,John Hickenlooper,Kirsten Gillibrand,356
Amy Klobuchar,Andrew Yang,Kirsten Gillibrand,356
Elizabeth Warren,John Hickenlooper,Michael Bennet,353
John Hickenlooper,Kamala Harris,Michael Bennet,353
Jay Inslee,Pete Buttigieg,Tim Ryan,353
Amy Klobuchar,Kamala Harris,Tim Ryan,351
Amy Klobuchar,Joe Biden,John Hickenlooper,351
Elizabeth Warren,Kirsten Gillibrand,Mike Gravel,350
Eric Swalwell,Kamala Harris,Seth Moulton,350
Amy Klobuchar,Jay Inslee,Tulsi Gabbard,350
Jay Inslee,Joe Biden,Seth Moulton,349
Joe Biden,Kamala Harris,Tim Ryan,349
Andrew Yang,Joe Biden,Kamala Harris,348
Andrew Yang,Beto O'Rourke,Cory Booker,346
Beto O'Rourke,Pete Buttigieg,Tim Ryan,345
Amy Klobuchar,Eric Swalwell,Steve Bullock,344
Beto O'Rourke,Cory Booker,Seth Moulton,344
Amy Klobuchar,Elizabeth Warren,Tim Ryan,343
Amy Klobuchar,Bernie Sanders,Eric Swalwell,342
Elizabeth Warren,Kamala Harris,Mike Gravel,341
Kamala Harris,Marianne Williamson,Tulsi Gabbard,341
Amy Klobuchar,Cory Booker,Tim Ryan,339
Andrew Yang,Julián Castro,Tulsi Gabbard,337
John Hickenlooper,Kirsten Gillibrand,Pete Buttigieg,337
Amy Klobuchar,Julián Castro,Tim Ryan,335
Kirsten Gillibrand,Marianne Williamson,Tulsi Gabbard,335
Elizabeth Warren,Joe Biden,Tim Ryan,332
Eric Swalwell,Kirsten Gillibrand,Seth Moulton,332
Michael Bennet,Seth Moulton,Steve Bullock,332
Eric Swalwell,Kamala Harris,Steve Bullock,331
Joe Biden,Kirsten Gillibrand,Seth Moulton,330
Bernie Sanders,Cory Booker,Steve Bullock,330
Cory Booker,Jay Inslee,Tim Ryan,328
John Delaney,Kamala Harris,Pete Buttigieg,328
Bernie Sanders,Elizabeth Warren,John Hickenlooper,328
Bernie Sanders,Beto O'Rourke,Eric Swalwell,328
Joe Biden,John Hickenlooper,Kamala Harris,328
Andrew Yang,Beto O'Rourke,Jay Inslee,327
Bernie Sanders,Julián Castro,Seth Moulton,327
Amy Klobuchar,John Delaney,Pete Buttigieg,327
Andrew Yang,Kamala Harris,Tulsi Gabbard,327
Bernie Sanders,Jay Inslee,Seth Moulton,326
Beto O'Rourke,John Hickenlooper,Kamala Harris,325
Beto O'Rourke,Joe Biden,Seth Moulton,324
Joe Biden,Kirsten Gillibrand,Steve Bullock,323
Bernie Sanders,Cory Booker,Seth Moulton,320
Bernie Sanders,Eric Swalwell,Joe Biden,319
Pete Buttigieg,Seth Moulton,Steve Bullock,319
Amy Klobuchar,Bernie Sanders,Marianne Williamson,319
Joe Biden,John Hickenlooper,Michael Bennet,318
Jay Inslee,Kamala Harris,Tim Ryan,318
Elizabeth Warren,John Delaney,Pete Buttigieg,317
Beto O'Rourke,Cory Booker,Marianne Williamson,317
Amy Klobuchar,Eric Swalwell,Seth Moulton,316
Bernie Sanders,Pete Buttigieg,Seth Moulton,315
Elizabeth Warren,Marianne Williamson,Michael Bennet,315
Andrew Yang,Eric Swalwell,Pete Buttigieg,314
Bernie Sanders,Kamala Harris,Seth Moulton,310
Andrew Yang,Michael Bennet,Pete Buttigieg,309
John Delaney,Julián Castro,Pete Buttigieg,309
Andrew Yang,Jay Inslee,Marianne Williamson,308
Beto O'Rourke,Elizabeth Warren,Tim Ryan,307
Joe Biden,Julián Castro,Marianne Williamson,307
Beto O'Rourke,Kamala Harris,Tim Ryan,305
Jay Inslee,Seth Moulton,Steve Bullock,304
Andrew Yang,Elizabeth Warren,Michael Bennet,302
Beto O'Rourke,Jay Inslee,Seth Moulton,301
Beto O'Rourke,Elizabeth Warren,John Hickenlooper,300
Elizabeth Warren,John Delaney,Kamala Harris,300
Elizabeth Warren,Joe Biden,John Hickenlooper,299
Andrew Yang,Julián Castro,Marianne Williamson,297
Jay Inslee,Mike Gravel,Pete Buttigieg,295
Amy Klobuchar,Beto O'Rourke,Seth Moulton,294
Bernie Sanders,Eric Swalwell,Michael Bennet,294
Amy Klobuchar,Andrew Yang,Bernie Sanders,294
Elizabeth Warren,Kirsten Gillibrand,Tim Ryan,293
Eric Swalwell,Joe Biden,Seth Moulton,291
Andrew Yang,Elizabeth Warren,Eric Swalwell,291
Bernie Sanders,Kirsten Gillibrand,Mike Gravel,290
Beto O'Rourke,Kirsten Gillibrand,Marianne Williamson,289
Amy Klobuchar,Jay Inslee,Tim Ryan,288
Andrew Yang,Kamala Harris,Marianne Williamson,288
Joe Biden,John Hickenlooper,Julián Castro,288
Eric Swalwell,Joe Biden,Steve Bullock,288
Bernie Sanders,Kirsten Gillibrand,Seth Moulton,286
Elizabeth Warren,Eric Swalwell,Marianne Williamson,286
Andrew Yang,Julián Castro,Michael Bennet,286
Michael Bennet,Pete Buttigieg,Tim Ryan,286
Amy Klobuchar,Joe Biden,Tim Ryan,285
Julián Castro,Marianne Williamson,Michael Bennet,285
Beto O'Rourke,Jay Inslee,Marianne Williamson,285
Beto O'Rourke,Julián Castro,Tulsi Gabbard,285
Julián Castro,Michael Bennet,Tim Ryan,282
John Delaney,Julián Castro,Kamala Harris,281
Elizabeth Warren,John Delaney,Julián Castro,280
John Hickenlooper,Michael Bennet,Steve Bullock,279
Amy Klobuchar,John Delaney,Julián Castro,279
Cory Booker,Joe Biden,Marianne Williamson,279
Bernie Sanders,Beto O'Rourke,Steve Bullock,279
Cory Booker,John Delaney,Julián Castro,278
Beto O'Rourke,Julián Castro,Tim Ryan,277
Joe Biden,Julián Castro,Tim Ryan,277
Beto O'Rourke,Cory Booker,John Hickenlooper,276
Jay Inslee,Kirsten Gillibrand,Tim Ryan,275
Julián Castro,Marianne Williamson,Tulsi Gabbard,275
Jay Inslee,Marianne Williamson,Michael Bennet,275
Julián Castro,Seth Moulton,Steve Bullock,275
Bernie Sanders,Kirsten Gillibrand,Steve Bullock,275
Andrew Yang,Joe Biden,Julián Castro,274
Elizabeth Warren,Seth Moulton,Steve Bullock,274
Andrew Yang,Kirsten Gillibrand,Tulsi Gabbard,272
Jay Inslee,Joe Biden,John Hickenlooper,271
Cory Booker,John Delaney,Pete Buttigieg,270
Amy Klobuchar,Bernie Sanders,Steve Bullock,268
Amy Klobuchar,Andrew Yang,Beto O'Rourke,268
Andrew Yang,Eric Swalwell,Julián Castro,268
Amy Klobuchar,Beto O'Rourke,John Hickenlooper,267
Cory Booker,John Delaney,Kamala Harris,266
Bernie Sanders,Kamala Harris,Tim Ryan,265
Amy Klobuchar,Cory Booker,John Delaney,265
Joe Biden,Kamala Harris,Tulsi Gabbard,265
Beto O'Rourke,John Hickenlooper,Julián Castro,265
Beto O'Rourke,Cory Booker,Tulsi Gabbard,265
Cory Booker,Joe Biden,John Hickenlooper,265
Julián Castro,Kirsten Gillibrand,Tim Ryan,264
Jay Inslee,John Hickenlooper,Steve Bullock,264
Amy Klobuchar,Michael Bennet,Tim Ryan,264
Andrew Yang,Beto O'Rourke,Joe Biden,264
Elizabeth Warren,Joe Biden,Tulsi Gabbard,264
John Hickenlooper,Kirsten Gillibrand,Michael Bennet,263
Jay Inslee,John Delaney,Pete Buttigieg,263
Amy Klobuchar,John Delaney,Kamala Harris,263
Beto O'Rourke,Kirsten Gillibrand,Steve Bullock,261
Bernie Sanders,Joe Biden,Steve Bullock,261
Jay Inslee,John Delaney,Julián Castro,261
Cory Booker,Joe Biden,Tim Ryan,261
Jay Inslee,Michael Bennet,Tim Ryan,261
Beto O'Rourke,Michael Bennet,Seth Moulton,260
Elizabeth Warren,Jay Inslee,John Delaney,260
Eric Swalwell,Julián Castro,Marianne Williamson,260
Eric Swalwell,Kirsten Gillibrand,Steve Bullock,260
Elizabeth Warren,Michael Bennet,Tim Ryan,259
Cory Booker,Kirsten Gillibrand,Tim Ryan,259
Andrew Yang,Jay Inslee,Mike Gravel,258
Beto O'Rourke,Kirsten Gillibrand,Seth Moulton,257
Kamala Harris,Seth Moulton,Steve Bullock,257
Andrew Yang,Cory Booker,Tulsi Gabbard,256
Jay Inslee,Marianne Williamson,Mike Gravel,254
Joe Biden,Kirsten Gillibrand,Marianne Williamson,254
Andrew Yang,Beto O'Rourke,Kirsten Gillibrand,253
Andrew Yang,Eric Swalwell,Kamala Harris,253
Eric Swalwell,Jay Inslee,John Hickenlooper,252
Joe Biden,Pete Buttigieg,Tulsi Gabbard,252
Cory Booker,Elizabeth Warren,John Delaney,252
Beto O'Rourke,Jay Inslee,John Hickenlooper,251
Amy Klobuchar,Seth Moulton,Steve Bullock,251
Bernie Sanders,John Hickenlooper,Kamala Harris,251
John Hickenlooper,Pete Buttigieg,Steve Bullock,251
Andrew Yang,Jay Inslee,Michael Bennet,250
Beto O'Rourke,Joe Biden,Tim Ryan,250
Cory Booker,Seth Moulton,Steve Bullock,250
Kirsten Gillibrand,Marianne Williamson,Michael Bennet,249
Eric Swalwell,Pete Buttigieg,Tim Ryan,249
Amy Klobuchar,Elizabeth Warren,John Delaney,249
Bernie Sanders,Jay Inslee,Tim Ryan,247
Cory Booker,Michael Bennet,Tim Ryan,247
Beto O'Rourke,Cory Booker,Tim Ryan,245
Amy Klobuchar,John Hickenlooper,Steve Bullock,244
Beto O'Rourke,Joe Biden,Marianne Williamson,244
Amy Klobuchar,Jay Inslee,John Delaney,244
Cory Booker,Marianne Williamson,Michael Bennet,244
Kamala Harris,Kirsten Gillibrand,Tim Ryan,243
Jay Inslee,Joe Biden,Tim Ryan,242
Eric Swalwell,Julián Castro,Tim Ryan,242
Bernie Sanders,John Hickenlooper,Pete Buttigieg,241
Bernie Sanders,Kamala Harris,Mike Gravel,241
Beto O'Rourke,Kirsten Gillibrand,Tulsi Gabbard,240
Kamala Harris,Michael Bennet,Tim Ryan,240
Kamala Harris,Marianne Williamson,Michael Bennet,240
Jay Inslee,Julián Castro,Mike Gravel,239
Bill de Blasio,Elizabeth Warren,Kamala Harris,238
Andrew Yang,Kamala Harris,Michael Bennet,238
Beto O'Rourke,Eric Swalwell,Steve Bullock,238
Bernie Sanders,Pete Buttigieg,Tim Ryan,238
Andrew Yang,Cory Booker,Joe Biden,238
Eric Swalwell,John Hickenlooper,Julián Castro,238
Beto O'Rourke,Joe Biden,John Hickenlooper,238
Kirsten Gillibrand,Pete Buttigieg,Tim Ryan,237
Andrew Yang,Cory Booker,Michael Bennet,237
Andrew Yang,Eric Swalwell,Jay Inslee,237
Bernie Sanders,Joe Biden,Marianne Williamson,235
Amy Klobuchar,Beto O'Rourke,Tulsi Gabbard,234
Eric Swalwell,Kamala Harris,Marianne Williamson,233
Jay Inslee,Joe Biden,Marianne Williamson,230
Andrew Yang,Bernie Sanders,Joe Biden,229
Bernie Sanders,Beto O'Rourke,Seth Moulton,228
Joe Biden,John Delaney,Pete Buttigieg,228
Amy Klobuchar,Beto O'Rourke,Tim Ryan,228
Eric Swalwell,Jay Inslee,Tim Ryan,227
Amy Klobuchar,Andrew Yang,Michael Bennet,227
Beto O'Rourke,Jay Inslee,Tim Ryan,227
Amy Klobuchar,Beto O'Rourke,Marianne Williamson,227
Bernie Sanders,Michael Bennet,Steve Bullock,227
Andrew Yang,Cory Booker,Eric Swalwell,227
Bernie Sanders,Cory Booker,Tim Ryan,226
Beto O'Rourke,Eric Swalwell,Seth Moulton,226
Marianne Williamson,Michael Bennet,Pete Buttigieg,226
Beto O'Rourke,Jay Inslee,Tulsi Gabbard,225
Amy Klobuchar,Bernie Sanders,Seth Moulton,225
Bernie Sanders,Joe Biden,Tulsi Gabbard,224
John Delaney,Julián Castro,Kirsten Gillibrand,224
Amy Klobuchar,Joe Biden,Marianne Williamson,224
Joe Biden,Michael Bennet,Tim Ryan,224
Andrew Yang,John Hickenlooper,Pete Buttigieg,223
Eric Swalwell,John Hickenlooper,Pete Buttigieg,223
Cory Booker,Eric Swalwell,Marianne Williamson,223
Amy Klobuchar,Andrew Yang,Joe Biden,223
Amy Klobuchar,Marianne Williamson,Tulsi Gabbard,223
Andrew Yang,Cory Booker,Marianne Williamson,223
Cory Booker,Eric Swalwell,John Hickenlooper,223
Amy Klobuchar,Kirsten Gillibrand,Tim Ryan,223
Eric Swalwell,John Hickenlooper,Michael Bennet,223
Bernie Sanders,Jay Inslee,John Hickenlooper,222
Eric Swalwell,Marianne Williamson,Pete Buttigieg,222
Beto O'Rourke,John Delaney,Pete Buttigieg,221
Cory Booker,Jay Inslee,John Delaney,220
Julián Castro,Mike Gravel,Pete Buttigieg,219
Andrew Yang,Kirsten Gillibrand,Marianne Williamson,218
Cory Booker,Marianne Williamson,Tulsi Gabbard,218
Amy Klobuchar,Andrew Yang,Tulsi Gabbard,217
Bernie Sanders,Michael Bennet,Seth Moulton,217
Bernie Sanders,Julián Castro,Tim Ryan,217
Bernie Sanders,Cory Booker,John Hickenlooper,216
Andrew Yang,Beto O'Rourke,Tulsi Gabbard,216
Eric Swalwell,Kirsten Gillibrand,Marianne Williamson,216
Bill de Blasio,Elizabeth Warren,Pete Buttigieg,216
Eric Swalwell,Jay Inslee,Marianne Williamson,215
John Hickenlooper,Michael Bennet,Seth Moulton,215
Amy Klobuchar,John Delaney,Kirsten Gillibrand,215
Elizabeth Warren,John Delaney,Kirsten Gillibrand,215
Beto O'Rourke,John Hickenlooper,Michael Bennet,215
Jay Inslee,John Delaney,Kirsten Gillibrand,213
Cory Booker,Eric Swalwell,Tim Ryan,213
Pete Buttigieg,Steve Bullock,Tim Ryan,213
Bernie Sanders,Bill de Blasio,Elizabeth Warren,212
John Delaney,Kamala Harris,Kirsten Gillibrand,212
Andrew Yang,Pete Buttigieg,Steve Bullock,211
Amy Klobuchar,Joe Biden,John Delaney,211
Bernie Sanders,John Hickenlooper,Julián Castro,211
Elizabeth Warren,Michael Bennet,Tulsi Gabbard,210
Kirsten Gillibrand,Seth Moulton,Steve Bullock,210
Elizabeth Warren,Eric Swalwell,John Hickenlooper,210
Cory Booker,Elizabeth Warren,Mike Gravel,209
Marianne Williamson,Mike Gravel,Pete Buttigieg,208
John Delaney,Kirsten Gillibrand,Pete Buttigieg,208
Jay Inslee,John Delaney,Kamala Harris,208
Bernie Sanders,Marianne Williamson,Michael Bennet,208
Amy Klobuchar,Eric Swalwell,John Hickenlooper,208
Elizabeth Warren,John Hickenlooper,Steve Bullock,207
Eric Swalwell,Seth Moulton,Steve Bullock,207
Bill de Blasio,Elizabeth Warren,Julián Castro,207
Elizabeth Warren,Eric Swalwell,Tim Ryan,207
Michael Bennet,Steve Bullock,Tim Ryan,206
Beto O'Rourke,John Hickenlooper,Kirsten Gillibrand,206
Amy Klobuchar,Marianne Williamson,Michael Bennet,205
Bill de Blasio,Kamala Harris,Pete Buttigieg,204
Cory Booker,John Hickenlooper,Steve Bullock,203
John Hickenlooper,Julián Castro,Steve Bullock,203
Joe Biden,Seth Moulton,Steve Bullock,203
Eric Swalwell,John Hickenlooper,Kamala Harris,202
Amy Klobuchar,Joe Biden,Tulsi Gabbard,202
Pete Buttigieg,Seth Moulton,Tim Ryan,202
Andrew Yang,Jay Inslee,Joe Biden,201
Bernie Sanders,Joe Biden,Seth Moulton,201
Cory Booker,John Delaney,Kirsten Gillibrand,201
Elizabeth Warren,Eric Swalwell,Tulsi Gabbard,201
Amy Klobuchar,Eric Swalwell,Tim Ryan,199
Jay Inslee,Kirsten Gillibrand,Mike Gravel,199
Jay Inslee,John Hickenlooper,Seth Moulton,198
Eric Swalwell,Michael Bennet,Tim Ryan,198
Eric Swalwell,Kamala Harris,Tim Ryan,198
Bill de Blasio,Cory Booker,Elizabeth Warren,196
Andrew Yang,Pete Buttigieg,Seth Moulton,196
Bernie Sanders,Elizabeth Warren,John Delaney,193
Joe Biden,John Hickenlooper,Kirsten Gillibrand,192
Jay Inslee,Steve Bullock,Tim Ryan,192
Bill de Blasio,Cory Booker,Kamala Harris,192
Amy Klobuchar,Steve Bullock,Tim Ryan,192
Amy Klobuchar,Bernie Sanders,John Hickenlooper,192
Kamala Harris,Mike Gravel,Pete Buttigieg,191
Amy Klobuchar,Eric Swalwell,Marianne Williamson,190
Amy Klobuchar,Andrew Yang,Eric Swalwell,190
Bernie Sanders,Cory Booker,Mike Gravel,190
Jay Inslee,Seth Moulton,Tim Ryan,189
John Hickenlooper,Pete Buttigieg,Seth Moulton,187
Amy Klobuchar,John Delaney,Michael Bennet,187
Beto O'Rourke,John Delaney,Kamala Harris,186
Bill de Blasio,Julián Castro,Kamala Harris,186
Andrew Yang,Kirsten Gillibrand,Michael Bennet,186
Michael Bennet,Pete Buttigieg,Tulsi Gabbard,185
Bernie Sanders,Beto O'Rourke,Tim Ryan,184
Andrew Yang,Eric Swalwell,Kirsten Gillibrand,184
Eric Swalwell,John Hickenlooper,Kirsten Gillibrand,184
Julián Castro,Michael Bennet,Tulsi Gabbard,183
Julián Castro,Steve Bullock,Tim Ryan,183
John Delaney,Michael Bennet,Pete Buttigieg,183
Julián Castro,Kirsten Gillibrand,Mike Gravel,182
Kirsten Gillibrand,Michael Bennet,Tim Ryan,182
Beto O'Rourke,John Delaney,Julián Castro,180
Bernie Sanders,Michael Bennet,Tulsi Gabbard,180
Elizabeth Warren,Steve Bullock,Tim Ryan,179
Eric Swalwell,Pete Buttigieg,Tulsi Gabbard,179
Eric Swalwell,Julián Castro,Tulsi Gabbard,179
Andrew Yang,Elizabeth Warren,Steve Bullock,178
John Hickenlooper,Kamala Harris,Steve Bullock,178
Cory Booker,Joe Biden,Tulsi Gabbard,177
Joe Biden,John Delaney,Kamala Harris,176
Andrew Yang,Jay Inslee,John Hickenlooper,176
Beto O'Rourke,Elizabeth Warren,John Delaney,176
Bernie Sanders,Joe Biden,Tim Ryan,176
Bernie Sanders,John Hickenlooper,Kirsten Gillibrand,176
Bernie Sanders,Beto O'Rourke,John Hickenlooper,175
Andrew Yang,Pete Buttigieg,Tim Ryan,175
Joe Biden,John Delaney,Julián Castro,174
Michael Bennet,Seth Moulton,Tim Ryan,174
Andrew Yang,Elizabeth Warren,Seth Moulton,174
Eric Swalwell,Kamala Harris,Tulsi Gabbard,174
Joe Biden,Julián Castro,Tulsi Gabbard,173
Elizabeth Warren,Steve Bullock,Tulsi Gabbard,173
Eric Swalwell,Kirsten Gillibrand,Tim Ryan,173
Andrew Yang,Joe Biden,Kirsten Gillibrand,172
Bernie Sanders,Eric Swalwell,Seth Moulton,172
Beto O'Rourke,Michael Bennet,Tim Ryan,171
Beto O'Rourke,Seth Moulton,Steve Bullock,171
Joe Biden,Kirsten Gillibrand,Tim Ryan,170
Bill de Blasio,Cory Booker,Julián Castro,170
Amy Klobuchar,Andrew Yang,Marianne Williamson,170
Elizabeth Warren,Marianne Williamson,Tim Ryan,170
Jay Inslee,Michael Bennet,Tulsi Gabbard,170
Julián Castro,Kamala Harris,Mike Gravel,169
Kirsten Gillibrand,Mike Gravel,Pete Buttigieg,169
Bernie Sanders,Eric Swalwell,Tulsi Gabbard,169
Jay Inslee,John Delaney,Michael Bennet,168
Julián Castro,Seth Moulton,Tim Ryan,168
Julián Castro,Mike Gravel,Tulsi Gabbard,168
John Hickenlooper,Julián Castro,Seth Moulton,168
John Hickenlooper,Pete Buttigieg,Tulsi Gabbard,168
Andrew Yang,Bernie Sanders,Eric Swalwell,168
Andrew Yang,John Hickenlooper,Julián Castro,168
Amy Klobuchar,Michael Bennet,Tulsi Gabbard,168
Andrew Yang,Elizabeth Warren,John Hickenlooper,167
Andrew Yang,Julián Castro,Steve Bullock,167
Jay Inslee,John Hickenlooper,Tim Ryan,167
Eric Swalwell,Jay Inslee,Tulsi Gabbard,167
Amy Klobuchar,Beto O'Rourke,John Delaney,167
Amy Klobuchar,Bernie Sanders,Tim Ryan,167
Amy Klobuchar,Andrew Yang,John Hickenlooper,166
Bernie Sanders,Kirsten Gillibrand,Tim Ryan,166
John Delaney,Julián Castro,Michael Bennet,166
Andrew Yang,Bernie Sanders,Michael Bennet,165
Amy Klobuchar,John Hickenlooper,Tulsi Gabbard,165
Amy Klobuchar,John Delaney,John Hickenlooper,165
Elizabeth Warren,Seth Moulton,Tim Ryan,165
Julián Castro,Marianne Williamson,Seth Moulton,165
Bernie Sanders,Marianne Williamson,Tim Ryan,165
Andrew Yang,John Delaney,Pete Buttigieg,164
Cory Booker,Steve Bullock,Tim Ryan,164
Elizabeth Warren,Marianne Williamson,Seth Moulton,164
Bill de Blasio,Julián Castro,Pete Buttigieg,164
Jay Inslee,Marianne Williamson,Seth Moulton,163
Kamala Harris,Steve Bullock,Tim Ryan,163
Bernie Sanders,John Hickenlooper,Michael Bennet,163
Elizabeth Warren,Marianne Williamson,Steve Bullock,163
Kamala Harris,Michael Bennet,Tulsi Gabbard,163
Jay Inslee,John Delaney,John Hickenlooper,162
Amy Klobuchar,John Hickenlooper,Seth Moulton,162
Andrew Yang,Jay Inslee,Steve Bullock,162
Beto O'Rourke,Kirsten Gillibrand,Tim Ryan,161
Joe Biden,John Hickenlooper,Steve Bullock,161
Elizabeth Warren,Joe Biden,John Delaney,161
Andrew Yang,Cory Booker,John Hickenlooper,160
Cory Booker,John Hickenlooper,Seth Moulton,160
Joe Biden,Marianne Williamson,Michael Bennet,159
Bill de Blasio,Elizabeth Warren,Jay Inslee,159
Andrew Yang,John Hickenlooper,Kamala Harris,159
Andrew Yang,Beto O'Rourke,Marianne Williamson,159
Eric Swalwell,Marianne Williamson,Michael Bennet,159
Andrew Yang,Jay Inslee,Seth Moulton,159
Beto O'Rourke,Elizabeth Warren,Mike Gravel,158
John Hickenlooper,Kirsten Gillibrand,Seth Moulton,158
Beto O'Rourke,Eric Swalwell,Tim Ryan,158
Andrew Yang,Eric Swalwell,Michael Bennet,158
Elizabeth Warren,John Hickenlooper,Seth Moulton,158
Andrew Yang,Julián Castro,Mike Gravel,157
Kirsten Gillibrand,Marianne Williamson,Seth Moulton,157
Beto O'Rourke,Marianne Williamson,Tulsi Gabbard,156
Eric Swalwell,John Delaney,Julián Castro,156
Beto O'Rourke,Joe Biden,Tulsi Gabbard,155
Bill de Blasio,Cory Booker,Pete Buttigieg,155
Bernie Sanders,John Delaney,Pete Buttigieg,155
Andrew Yang,Elizabeth Warren,Tim Ryan,154
Eric Swalwell,Joe Biden,Tim Ryan,154
Jay Inslee,Marianne Williamson,Tim Ryan,154
John Hickenlooper,Kirsten Gillibrand,Steve Bullock,154
Bernie Sanders,Eric Swalwell,Marianne Williamson,154
John Delaney,John Hickenlooper,Pete Buttigieg,153
Bernie Sanders,Beto O'Rourke,Mike Gravel,153
Bernie Sanders,Joe Biden,John Hickenlooper,153
Elizabeth Warren,John Hickenlooper,Tulsi Gabbard,153
Jay Inslee,John Hickenlooper,Tulsi Gabbard,153
Andrew Yang,Jay Inslee,Tim Ryan,152
Joe Biden,Steve Bullock,Tim Ryan,151
Cory Booker,John Delaney,Michael Bennet,151
Andrew Yang,Beto O'Rourke,Eric Swalwell,150
Cory Booker,Joe Biden,John Delaney,150
John Delaney,Michael Bennet,Steve Bullock,150
Bernie Sanders,Steve Bullock,Tulsi Gabbard,150
Beto O'Rourke,Mike Gravel,Pete Buttigieg,150
Jay Inslee,Steve Bullock,Tulsi Gabbard,150
Bernie Sanders,Tim Ryan,Tulsi Gabbard,149
Cory Booker,Seth Moulton,Tim Ryan,149
Jay Inslee,Joe Biden,John Delaney,149
Cory Booker,Marianne Williamson,Seth Moulton,149
John Hickenlooper,Pete Buttigieg,Tim Ryan,148
Jay Inslee,Marianne Williamson,Steve Bullock,148
Eric Swalwell,Kirsten Gillibrand,Tulsi Gabbard,148
Joe Biden,Kirsten Gillibrand,Tulsi Gabbard,148
Eric Swalwell,Jay Inslee,John Delaney,148
Kirsten Gillibrand,Michael Bennet,Tulsi Gabbard,148
Bernie Sanders,Eric Swalwell,Steve Bullock,147
Beto O'Rourke,Joe Biden,John Delaney,147
Kirsten Gillibrand,Mike Gravel,Tulsi Gabbard,147
John Hickenlooper,Julián Castro,Tulsi Gabbard,147
Amy Klobuchar,John Hickenlooper,Tim Ryan,147
Kirsten Gillibrand,Seth Moulton,Tim Ryan,147
Amy Klobuchar,Eric Swalwell,Tulsi Gabbard,147
Beto O'Rourke,Jay Inslee,John Delaney,146
Beto O'Rourke,Cory Booker,John Delaney,146
Eric Swalwell,Seth Moulton,Tim Ryan,146
Cory Booker,Eric Swalwell,Tulsi Gabbard,146
Cory Booker,Michael Bennet,Tulsi Gabbard,145
Amy Klobuchar,Seth Moulton,Tim Ryan,145
Andrew Yang,Joe Biden,Michael Bennet,145
Pete Buttigieg,Steve Bullock,Tulsi Gabbard,145
Andrew Yang,Julián Castro,Seth Moulton,145
Cory Booker,Julián Castro,Mike Gravel,145
John Hickenlooper,Julián Castro,Tim Ryan,144
John Hickenlooper,Michael Bennet,Tim Ryan,144
Beto O'Rourke,Marianne Williamson,Michael Bennet,144
Elizabeth Warren,Julián Castro,Wayne Messam,144
Beto O'Rourke,Eric Swalwell,John Hickenlooper,143
Eric Swalwell,Joe Biden,John Hickenlooper,142
Andrew Yang,Julián Castro,Tim Ryan,142
Amy Klobuchar,John Delaney,Steve Bullock,142
Andrew Yang,Beto O'Rourke,Michael Bennet,142
Bernie Sanders,John Delaney,Kamala Harris,141
John Hickenlooper,Kamala Harris,Tulsi Gabbard,141
Marianne Williamson,Michael Bennet,Seth Moulton,141
Beto O'Rourke,Steve Bullock,Tim Ryan,141
Marianne Williamson,Pete Buttigieg,Steve Bullock,141
Amy Klobuchar,Elizabeth Warren,Mike Gravel,141
Eric Swalwell,John Hickenlooper,Seth Moulton,141
Jay Inslee,Kamala Harris,Mike Gravel,141
Joe Biden,John Delaney,Michael Bennet,140
Bernie Sanders,Jay Inslee,John Delaney,140
Andrew Yang,Cory Booker,Tim Ryan,140
Eric Swalwell,John Delaney,Pete Buttigieg,140
John Hickenlooper,Seth Moulton,Steve Bullock,140
Julián Castro,Marianne Williamson,Steve Bullock,139
Elizabeth Warren,John Delaney,Michael Bennet,139
Eric Swalwell,Steve Bullock,Tim Ryan,139
Julián Castro,Marianne Williamson,Tim Ryan,139
Cory Booker,Eric Swalwell,John Delaney,139
Kamala Harris,Kirsten Gillibrand,Mike Gravel,138
Eric Swalwell,John Hickenlooper,Steve Bullock,138
Andrew Yang,Kamala Harris,Steve Bullock,138
Kamala Harris,Marianne Williamson,Steve Bullock,138
Elizabeth Warren,Tim Ryan,Tulsi Gabbard,138
Amy Klobuchar,Steve Bullock,Tulsi Gabbard,138
John Hickenlooper,Kamala Harris,Seth Moulton,138
Marianne Williamson,Pete Buttigieg,Tim Ryan,138
Kamala Harris,Steve Bullock,Tulsi Gabbard,138
Bernie Sanders,Bill de Blasio,Kamala Harris,138
Amy Klobuchar,Eric Swalwell,John Delaney,138
Andrew Yang,Cory Booker,Steve Bullock,137
John Delaney,Pete Buttigieg,Steve Bullock,137
Jay Inslee,Joe Biden,Tulsi Gabbard,137
Kamala Harris,Marianne Williamson,Tim Ryan,136
John Delaney,John Hickenlooper,Michael Bennet,136
Andrew Yang,John Delaney,Julián Castro,136
John Delaney,John Hickenlooper,Julián Castro,136
Cory Booker,Mike Gravel,Pete Buttigieg,136
Eric Swalwell,Joe Biden,Marianne Williamson,135
Pete Buttigieg,Tim Ryan,Tulsi Gabbard,135
Marianne Williamson,Pete Buttigieg,Seth Moulton,135
Bill de Blasio,Jay Inslee,Julián Castro,134
Bernie Sanders,Seth Moulton,Steve Bullock,134
Cory Booker,John Delaney,John Hickenlooper,134
Eric Swalwell,John Hickenlooper,Tim Ryan,134
John Hickenlooper,Kirsten Gillibrand,Tulsi Gabbard,134
Cory Booker,John Hickenlooper,Tim Ryan,133
Cory Booker,John Hickenlooper,Tulsi Gabbard,133
Beto O'Rourke,John Hickenlooper,Steve Bullock,133
Bernie Sanders,Marianne Williamson,Seth Moulton,133
Elizabeth Warren,Eric Swalwell,John Delaney,132
Cory Booker,Marianne Williamson,Steve Bullock,132
Kirsten Gillibrand,Marianne Williamson,Steve Bullock,132
Kamala Harris,Marianne Williamson,Seth Moulton,132
John Delaney,Kamala Harris,Michael Bennet,132
Eric Swalwell,John Delaney,Kirsten Gillibrand,132
Joe Biden,John Hickenlooper,Seth Moulton,132
Jay Inslee,John Delaney,Tim Ryan,131
Julián Castro,Steve Bullock,Tulsi Gabbard,131
Seth Moulton,Steve Bullock,Tim Ryan,130
Andrew Yang,Kamala Harris,Seth Moulton,130
Elizabeth Warren,Seth Moulton,Tulsi Gabbard,130
Elizabeth Warren,Kamala Harris,Wayne Messam,130
Julián Castro,Marianne Williamson,Mike Gravel,130
Kamala Harris,Seth Moulton,Tim Ryan,130
Bernie Sanders,John Hickenlooper,Tulsi Gabbard,129
Bernie Sanders,John Delaney,Julián Castro,129
John Delaney,Pete Buttigieg,Tulsi Gabbard,129
Amy Klobuchar,Andrew Yang,John Delaney,129
John Delaney,Kirsten Gillibrand,Michael Bennet,129
Andrew Yang,John Hickenlooper,Kirsten Gillibrand,129
Bernie Sanders,Cory Booker,John Delaney,129
Andrew Yang,Cory Booker,Seth Moulton,129
Bernie Sanders,Elizabeth Warren,Wayne Messam,128
Cory Booker,Steve Bullock,Tulsi Gabbard,128
Jay Inslee,Tim Ryan,Tulsi Gabbard,128
Andrew Yang,Michael Bennet,Steve Bullock,128
John Delaney,John Hickenlooper,Kirsten Gillibrand,127
Beto O'Rourke,John Delaney,Kirsten Gillibrand,127
Andrew Yang,Jay Inslee,John Delaney,126
Amy Klobuchar,Andrew Yang,Steve Bullock,126
Kirsten Gillibrand,Steve Bullock,Tim Ryan,125
Jay Inslee,John Delaney,Steve Bullock,125
Eric Swalwell,John Delaney,Michael Bennet,125
Jay Inslee,John Hickenlooper,Marianne Williamson,125
John Hickenlooper,Kirsten Gillibrand,Tim Ryan,125
Jay Inslee,Seth Moulton,Tulsi Gabbard,125
Beto O'Rourke,Eric Swalwell,Marianne Williamson,125
Andrew Yang,Kirsten Gillibrand,Mike Gravel,125
Bernie Sanders,Seth Moulton,Tulsi Gabbard,125
Eric Swalwell,John Delaney,Kamala Harris,124
Bill de Blasio,Elizabeth Warren,Kirsten Gillibrand,123
Bill de Blasio,Jay Inslee,Kamala Harris,123
Andrew Yang,Elizabeth Warren,John Delaney,123
Elizabeth Warren,Jay Inslee,Wayne Messam,123
Cory Booker,Kirsten Gillibrand,Mike Gravel,123
John Hickenlooper,Kamala Harris,Tim Ryan,123
Cory Booker,Marianne Williamson,Tim Ryan,123
Bill de Blasio,Jay Inslee,Pete Buttigieg,122
Bill de Blasio,Kamala Harris,Kirsten Gillibrand,122
Joe Biden,John Delaney,Kirsten Gillibrand,122
Beto O'Rourke,John Hickenlooper,Seth Moulton,122
John Delaney,Julián Castro,Tulsi Gabbard,122
Andrew Yang,Eric Swalwell,Joe Biden,122
Bernie Sanders,Bill de Blasio,Pete Buttigieg,121
Amy Klobuchar,Bernie Sanders,John Delaney,121
Andrew Yang,Kamala Harris,Tim Ryan,121
Cory Booker,Kamala Harris,Mike Gravel,121
Bill de Blasio,Cory Booker,Jay Inslee,121
Kirsten Gillibrand,Marianne Williamson,Tim Ryan,120
Elizabeth Warren,John Delaney,John Hickenlooper,120
Bernie Sanders,Marianne Williamson,Steve Bullock,120
Andrew Yang,Bernie Sanders,Tim Ryan,120
Amy Klobuchar,Bill de Blasio,Kamala Harris,119
Elizabeth Warren,Pete Buttigieg,Wayne Messam,119
Andrew Yang,John Delaney,Tulsi Gabbard,119
Bernie Sanders,Michael Bennet,Tim Ryan,119
Julián Castro,Tim Ryan,Tulsi Gabbard,119
Elizabeth Warren,John Hickenlooper,Tim Ryan,119
Kirsten Gillibrand,Marianne Williamson,Mike Gravel,119
Amy Klobuchar,Bill de Blasio,Elizabeth Warren,119
Andrew Yang,Bernie Sanders,Seth Moulton,118
Joe Biden,Seth Moulton,Tim Ryan,118
Elizabeth Warren,John Hickenlooper,Marianne Williamson,118
Andrew Yang,John Hickenlooper,Michael Bennet,118
Jay Inslee,John Delaney,Tulsi Gabbard,118
Amy Klobuchar,Andrew Yang,Tim Ryan,118
Cory Booker,Jay Inslee,Mike Gravel,117
Andrew Yang,Kirsten Gillibrand,Seth Moulton,117
Amy Klobuchar,Marianne Williamson,Seth Moulton,117
Julián Castro,Kamala Harris,Wayne Messam,117
John Delaney,John Hickenlooper,Kamala Harris,117
John Delaney,Julián Castro,Steve Bullock,116
Bernie Sanders,Bill de Blasio,Cory Booker,116
Kirsten Gillibrand,Steve Bullock,Tulsi Gabbard,116
Andrew Yang,Beto O'Rourke,John Hickenlooper,116
Pete Buttigieg,Seth Moulton,Tulsi Gabbard,116
Amy Klobuchar,John Delaney,Tulsi Gabbard,116
Andrew Yang,Cory Booker,John Delaney,116
Andrew Yang,Bernie Sanders,John Hickenlooper,115
Bernie Sanders,Bill de Blasio,Julián Castro,115
Kamala Harris,Tim Ryan,Tulsi Gabbard,115
Amy Klobuchar,Andrew Yang,Seth Moulton,115
John Hickenlooper,Marianne Williamson,Pete Buttigieg,114
Amy Klobuchar,John Delaney,Tim Ryan,114
Marianne Williamson,Michael Bennet,Steve Bullock,114
Bernie Sanders,Beto O'Rourke,John Delaney,114
John Hickenlooper,Steve Bullock,Tim Ryan,114
Beto O'Rourke,Seth Moulton,Tim Ryan,113
Beto O'Rourke,Bill de Blasio,Elizabeth Warren,113
John Delaney,Julián Castro,Tim Ryan,113
Amy Klobuchar,Bill de Blasio,Pete Buttigieg,112
Eric Swalwell,John Delaney,Tim Ryan,112
Elizabeth Warren,John Delaney,Tulsi Gabbard,111
Eric Swalwell,Michael Bennet,Tulsi Gabbard,111
Amy Klobuchar,Marianne Williamson,Steve Bullock,111
Beto O'Rourke,John Delaney,Michael Bennet,111
Andrew Yang,John Delaney,Kamala Harris,111
Andrew Yang,Bernie Sanders,Steve Bullock,111
Cory Booker,Tim Ryan,Tulsi Gabbard,111
Andrew Yang,Michael Bennet,Seth Moulton,111
John Delaney,Pete Buttigieg,Tim Ryan,111
Kirsten Gillibrand,Tim Ryan,Tulsi Gabbard,111
Eric Swalwell,John Delaney,John Hickenlooper,111
Julián Castro,Seth Moulton,Tulsi Gabbard,111
John Hickenlooper,Julián Castro,Marianne Williamson,110
Amy Klobuchar,John Hickenlooper,Marianne Williamson,110
Andrew Yang,Michael Bennet,Tulsi Gabbard,110
Amy Klobuchar,Tim Ryan,Tulsi Gabbard,110
Beto O'Rourke,Michael Bennet,Tulsi Gabbard,110
John Delaney,John Hickenlooper,Tim Ryan,110
John Delaney,Kirsten Gillibrand,Tulsi Gabbard,110
Bernie Sanders,John Delaney,Kirsten Gillibrand,110
Amy Klobuchar,Bill de Blasio,Cory Booker,110
Amy Klobuchar,Bernie Sanders,Mike Gravel,109
John Delaney,Kamala Harris,Tulsi Gabbard,109
John Hickenlooper,Kamala Harris,Marianne Williamson,109
Cory Booker,Elizabeth Warren,Wayne Messam,108
Andrew Yang,Kirsten Gillibrand,Steve Bullock,108
John Hickenlooper,Seth Moulton,Tim Ryan,108
John Hickenlooper,Kirsten Gillibrand,Marianne Williamson,108
Bernie Sanders,Eric Swalwell,Tim Ryan,108
Kamala Harris,Mike Gravel,Tulsi Gabbard,107
Eric Swalwell,Marianne Williamson,Seth Moulton,107
Cory Booker,John Delaney,Steve Bullock,107
Bill de Blasio,Julián Castro,Kirsten Gillibrand,107
Bill de Blasio,Cory Booker,Kirsten Gillibrand,107
Amy Klobuchar,Seth Moulton,Tulsi Gabbard,107
Andrew Yang,Kirsten Gillibrand,Tim Ryan,107
Amy Klobuchar,Mike Gravel,Pete Buttigieg,107
Amy Klobuchar,Bill de Blasio,Julián Castro,107
Cory Booker,John Hickenlooper,Marianne Williamson,107
Bill de Blasio,Joe Biden,Kamala Harris,106
John Delaney,Michael Bennet,Tim Ryan,106
John Delaney,Pete Buttigieg,Seth Moulton,106
Andrew Yang,John Hickenlooper,Tulsi Gabbard,106
Michael Bennet,Steve Bullock,Tulsi Gabbard,105
Andrew Yang,Joe Biden,Tulsi Gabbard,105
Julián Castro,Pete Buttigieg,Wayne Messam,104
Beto O'Rourke,Eric Swalwell,Tulsi Gabbard,104
Elizabeth Warren,John Delaney,Steve Bullock,104
Bill de Blasio,Kirsten Gillibrand,Pete Buttigieg,104
Andrew Yang,Kamala Harris,Mike Gravel,104
John Delaney,John Hickenlooper,Steve Bullock,104
Cory Booker,Julián Castro,Wayne Messam,104
Bill de Blasio,Elizabeth Warren,Tulsi Gabbard,104
Elizabeth Warren,Kirsten Gillibrand,Wayne Messam,103
Beto O'Rourke,John Hickenlooper,Tulsi Gabbard,103
Andrew Yang,Eric Swalwell,Tulsi Gabbard,103
Jay Inslee,Julián Castro,Wayne Messam,102
Beto O'Rourke,Bill de Blasio,Kamala Harris,102
Jay Inslee,John Delaney,Seth Moulton,102
Bill de Blasio,Jay Inslee,Kirsten Gillibrand,102
Beto O'Rourke,Tim Ryan,Tulsi Gabbard,102
Eric Swalwell,Joe Biden,John Delaney,102
Bill de Blasio,Elizabeth Warren,Joe Biden,102
John Delaney,Kirsten Gillibrand,Tim Ryan,102
Beto O'Rourke,John Hickenlooper,Tim Ryan,102
Cory Booker,Kamala Harris,Wayne Messam,101
Bernie Sanders,John Delaney,Tulsi Gabbard,101
Bernie Sanders,Bill de Blasio,Jay Inslee,101
Cory Booker,John Delaney,Tim Ryan,101
Cory Booker,John Delaney,Tulsi Gabbard,101
Joe Biden,John Hickenlooper,Tim Ryan,100
Kirsten Gillibrand,Seth Moulton,Tulsi Gabbard,100
Elizabeth Warren,Eric Swalwell,Mike Gravel,100
Andrew Yang,Marianne Williamson,Michael Bennet,100
Amy Klobuchar,Kirsten Gillibrand,Mike Gravel,100
Andrew Yang,Bernie Sanders,John Delaney,100
Amy Klobuchar,John Delaney,Seth Moulton,100
Amy Klobuchar,Julián Castro,Mike Gravel,100
Beto O'Rourke,Eric Swalwell,John Delaney,99
Bernie Sanders,John Hickenlooper,Steve Bullock,99
Andrew Yang,Beto O'Rourke,Seth Moulton,99
John Delaney,Julián Castro,Marianne Williamson,99
Andrew Yang,Eric Swalwell,Seth Moulton,99
Eric Swalwell,John Delaney,Steve Bullock,98
Jay Inslee,Mike Gravel,Steve Bullock,98
Andrew Yang,Cory Booker,Mike Gravel,98
Andrew Yang,Tim Ryan,Tulsi Gabbard,98
Andrew Yang,Eric Swalwell,Tim Ryan,97
Bernie Sanders,Eric Swalwell,John Hickenlooper,97
Andrew Yang,Bill de Blasio,Elizabeth Warren,97
John Delaney,Marianne Williamson,Pete Buttigieg,97
Andrew Yang,John Delaney,Kirsten Gillibrand,96
Beto O'Rourke,Bill de Blasio,Pete Buttigieg,96
Kamala Harris,Seth Moulton,Tulsi Gabbard,96
Kamala Harris,Pete Buttigieg,Wayne Messam,96
Amy Klobuchar,Jay Inslee,Mike Gravel,96
Andrew Yang,Eric Swalwell,Marianne Williamson,96
Beto O'Rourke,Julián Castro,Mike Gravel,96
John Delaney,Michael Bennet,Seth Moulton,96
Beto O'Rourke,John Delaney,John Hickenlooper,96
Andrew Yang,Marianne Williamson,Tim Ryan,96
Bernie Sanders,Steve Bullock,Tim Ryan,96
Andrew Yang,Beto O'Rourke,John Delaney,95
Andrew Yang,Michael Bennet,Tim Ryan,95
Cory Booker,Mike Gravel,Tulsi Gabbard,95
Jay Inslee,John Delaney,Marianne Williamson,95
John Hickenlooper,Marianne Williamson,Michael Bennet,95
Amy Klobuchar,Marianne Williamson,Tim Ryan,95
Joe Biden,John Delaney,Steve Bullock,95
Joe Biden,John Delaney,John Hickenlooper,95
Andrew Yang,John Delaney,John Hickenlooper,94
Marianne Williamson,Michael Bennet,Tulsi Gabbard,94
Marianne Williamson,Michael Bennet,Tim Ryan,94
Elizabeth Warren,John Delaney,Marianne Williamson,94
Eric Swalwell,Jay Inslee,Mike Gravel,94
Cory Booker,Seth Moulton,Tulsi Gabbard,94
Andrew Yang,Beto O'Rourke,Tim Ryan,94
John Delaney,Julián Castro,Seth Moulton,94
John Delaney,Kirsten Gillibrand,Marianne Williamson,94
Eric Swalwell,Julián Castro,Mike Gravel,93
Beto O'Rourke,Marianne Williamson,Tim Ryan,93
Bernie Sanders,Bill de Blasio,Tulsi Gabbard,93
Julián Castro,Kirsten Gillibrand,Wayne Messam,93
John Hickenlooper,Michael Bennet,Tulsi Gabbard,93
Andrew Yang,Beto O'Rourke,Steve Bullock,92
Beto O'Rourke,Steve Bullock,Tulsi Gabbard,92
Beto O'Rourke,Marianne Williamson,Seth Moulton,92
Bill de Blasio,Joe Biden,Pete Buttigieg,92
Bernie Sanders,John Hickenlooper,Marianne Williamson,92
Andrew Yang,Eric Swalwell,John Hickenlooper,92
Joe Biden,Michael Bennet,Tulsi Gabbard,91
Bernie Sanders,Mike Gravel,Seth Moulton,91
Marianne Williamson,Tim Ryan,Tulsi Gabbard,91
John Delaney,John Hickenlooper,Tulsi Gabbard,91
Andrew Yang,Beto O'Rourke,Mike Gravel,90
Eric Swalwell,Marianne Williamson,Tulsi Gabbard,90
Beto O'Rourke,Mike Gravel,Tulsi Gabbard,90
Andrew Yang,Eric Swalwell,Steve Bullock,90
Andrew Yang,Joe Biden,John Hickenlooper,90
Eric Swalwell,Tim Ryan,Tulsi Gabbard,90
John Delaney,Steve Bullock,Tim Ryan,89
John Delaney,Kirsten Gillibrand,Seth Moulton,89
Jay Inslee,Kamala Harris,Wayne Messam,89
John Delaney,Marianne Williamson,Tulsi Gabbard,89
John Hickenlooper,Steve Bullock,Tulsi Gabbard,88
Beto O'Rourke,Marianne Williamson,Steve Bullock,88
Beto O'Rourke,John Hickenlooper,Marianne Williamson,88
Beto O'Rourke,Kamala Harris,Mike Gravel,88
Jay Inslee,Mike Gravel,Seth Moulton,88
Elizabeth Warren,John Delaney,Tim Ryan,88
John Delaney,Kirsten Gillibrand,Steve Bullock,88
Elizabeth Warren,Mike Gravel,Steve Bullock,87
Andrew Yang,Joe Biden,Seth Moulton,87
Amy Klobuchar,Kamala Harris,Mike Gravel,87
Beto O'Rourke,Jay Inslee,Mike Gravel,87
Beto O'Rourke,John Delaney,Tulsi Gabbard,87
Bernie Sanders,Joe Biden,John Delaney,87
Beto O'Rourke,Bill de Blasio,Julián Castro,87
Cory Booker,John Delaney,Seth Moulton,87
Eric Swalwell,John Hickenlooper,Tulsi Gabbard,87
Amy Klobuchar,Julián Castro,Wayne Messam,87
Jay Inslee,Pete Buttigieg,Wayne Messam,86
Eric Swalwell,Marianne Williamson,Tim Ryan,86
John Delaney,Seth Moulton,Tim Ryan,86
Andrew Yang,Joe Biden,Marianne Williamson,86
Amy Klobuchar,Elizabeth Warren,Wayne Messam,86
Kamala Harris,Kirsten Gillibrand,Wayne Messam,86
Michael Bennet,Seth Moulton,Tulsi Gabbard,86
Andrew Yang,John Hickenlooper,Tim Ryan,86
Jay Inslee,Michael Bennet,Mike Gravel,86
John Delaney,Kamala Harris,Tim Ryan,86
Amy Klobuchar,Cory Booker,Mike Gravel,86
Bernie Sanders,Seth Moulton,Tim Ryan,85
Amy Klobuchar,John Delaney,Marianne Williamson,85
John Delaney,Seth Moulton,Steve Bullock,85
John Hickenlooper,Tim Ryan,Tulsi Gabbard,85
Andrew Yang,Joe Biden,Steve Bullock,85
John Delaney,Kamala Harris,Marianne Williamson,84
Eric Swalwell,John Delaney,Seth Moulton,84
Beto O'Rourke,Bill de Blasio,Cory Booker,84
Elizabeth Warren,Mike Gravel,Seth Moulton,84
Andrew Yang,John Delaney,Marianne Williamson,84
Andrew Yang,Steve Bullock,Tulsi Gabbard,84
Bill de Blasio,Cory Booker,Joe Biden,84
Jay Inslee,Kirsten Gillibrand,Wayne Messam,84
Kamala Harris,Marianne Williamson,Mike Gravel,84
Bill de Blasio,Kamala Harris,Tulsi Gabbard,83
Bill de Blasio,Julián Castro,Tulsi Gabbard,83
Cory Booker,Pete Buttigieg,Wayne Messam,83
Andrew Yang,Bernie Sanders,Bill de Blasio,83
Bernie Sanders,Eric Swalwell,Mike Gravel,83
John Delaney,John Hickenlooper,Seth Moulton,83
Andrew Yang,John Hickenlooper,Marianne Williamson,83
Elizabeth Warren,John Delaney,Seth Moulton,83
Andrew Yang,Seth Moulton,Tim Ryan,83
Andrew Yang,Joe Biden,Tim Ryan,83
Bernie Sanders,Tulsi Gabbard,Wayne Messam,83
Bernie Sanders,Bill de Blasio,Kirsten Gillibrand,83
Cory Booker,John Delaney,Marianne Williamson,82
Bernie Sanders,Michael Bennet,Mike Gravel,82
Eric Swalwell,Joe Biden,Tulsi Gabbard,82
Andrew Yang,Eric Swalwell,John Delaney,82
Beto O'Rourke,John Delaney,Tim Ryan,82
Andrew Yang,John Delaney,Tim Ryan,82
Bernie Sanders,Beto O'Rourke,Bill de Blasio,81
John Delaney,Kamala Harris,Steve Bullock,81
Andrew Yang,Joe Biden,John Delaney,81
Beto O'Rourke,John Delaney,Steve Bullock,81
Andrew Yang,Seth Moulton,Steve Bullock,81
Bill de Blasio,Joe Biden,Julián Castro,81
Bernie Sanders,Jay Inslee,Wayne Messam,81
Eric Swalwell,Marianne Williamson,Steve Bullock,81
Bernie Sanders,John Delaney,Michael Bennet,81
Bernie Sanders,Pete Buttigieg,Wayne Messam,80
Cory Booker,Marianne Williamson,Mike Gravel,80
Amy Klobuchar,Kamala Harris,Wayne Messam,80
Bernie Sanders,Julián Castro,Wayne Messam,80
Joe Biden,Marianne Williamson,Steve Bullock,80
Amy Klobuchar,Bill de Blasio,Jay Inslee,80
Beto O'Rourke,Bill de Blasio,Joe Biden,80
Michael Bennet,Tim Ryan,Tulsi Gabbard,80
John Delaney,Tim Ryan,Tulsi Gabbard,79
Bernie Sanders,Mike Gravel,Steve Bullock,79
Eric Swalwell,Kirsten Gillibrand,Mike Gravel,79
John Hickenlooper,Marianne Williamson,Tulsi Gabbard,78
Andrew Yang,John Delaney,Michael Bennet,78
Bernie Sanders,John Delaney,John Hickenlooper,78
Joe Biden,John Delaney,Tim Ryan,78
Joe Biden,Marianne Williamson,Tulsi Gabbard,77
Amy Klobuchar,Cory Booker,Wayne Messam,77
Eric Swalwell,Steve Bullock,Tulsi Gabbard,77
Andrew Yang,John Hickenlooper,Steve Bullock,76
Andrew Yang,Elizabeth Warren,Wayne Messam,76
Elizabeth Warren,Michael Bennet,Mike Gravel,76
Eric Swalwell,Seth Moulton,Tulsi Gabbard,76
Eric Swalwell,Mike Gravel,Pete Buttigieg,76
Elizabeth Warren,Tulsi Gabbard,Wayne Messam,76
Beto O'Rourke,Seth Moulton,Tulsi Gabbard,76
Joe Biden,John Delaney,Seth Moulton,75
Amy Klobuchar,Mike Gravel,Tulsi Gabbard,75
Eric Swalwell,John Hickenlooper,Marianne Williamson,75
Bernie Sanders,Kamala Harris,Wayne Messam,75
Andrew Yang,Bill de Blasio,Julián Castro,75
Eric Swalwell,John Delaney,Tulsi Gabbard,75
Kirsten Gillibrand,Pete Buttigieg,Wayne Messam,74
Bill de Blasio,Cory Booker,Tulsi Gabbard,74
Andrew Yang,Bill de Blasio,Pete Buttigieg,74
Marianne Williamson,Seth Moulton,Tim Ryan,74
Bernie Sanders,John Hickenlooper,Seth Moulton,74
Andrew Yang,Bill de Blasio,Kamala Harris,74
Cory Booker,Kirsten Gillibrand,Wayne Messam,74
Amy Klobuchar,Bill de Blasio,Kirsten Gillibrand,74
Bernie Sanders,Mike Gravel,Wayne Messam,73
Joe Biden,Steve Bullock,Tulsi Gabbard,73
Seth Moulton,Steve Bullock,Tulsi Gabbard,73
Joe Biden,Marianne Williamson,Seth Moulton,73
Beto O'Rourke,Elizabeth Warren,Wayne Messam,73
John Delaney,Kamala Harris,Seth Moulton,73
Bill de Blasio,Elizabeth Warren,Michael Bennet,73
Eric Swalwell,John Delaney,Marianne Williamson,73
Amy Klobuchar,Pete Buttigieg,Wayne Messam,73
Joe Biden,John Hickenlooper,Tulsi Gabbard,73
Bill de Blasio,Jay Inslee,Tulsi Gabbard,73
Marianne Williamson,Seth Moulton,Steve Bullock,72
Elizabeth Warren,Marianne Williamson,Wayne Messam,72
Seth Moulton,Tim Ryan,Tulsi Gabbard,72
Elizabeth Warren,Joe Biden,Mike Gravel,72
Joe Biden,Marianne Williamson,Tim Ryan,72
Beto O'Rourke,Bill de Blasio,Jay Inslee,72
John Delaney,Michael Bennet,Tulsi Gabbard,72
Beto O'Rourke,Cory Booker,Mike Gravel,72
Bernie Sanders,Eric Swalwell,John Delaney,72
Cory Booker,Jay Inslee,Wayne Messam,72
Andrew Yang,Seth Moulton,Tulsi Gabbard,72
Bernie Sanders,John Hickenlooper,Tim Ryan,72
Bill de Blasio,Pete Buttigieg,Tulsi Gabbard,72
Marianne Williamson,Steve Bullock,Tulsi Gabbard,71
Joe Biden,Tim Ryan,Tulsi Gabbard,71
Andrew Yang,Marianne Williamson,Seth Moulton,71
Andrew Yang,Steve Bullock,Tim Ryan,71
Mike Gravel,Pete Buttigieg,Seth Moulton,71
Bernie Sanders,Joe Biden,Mike Gravel,71
Beto O'Rourke,John Delaney,Marianne Williamson,70
Amy Klobuchar,Kirsten Gillibrand,Wayne Messam,70
Andrew Yang,John Hickenlooper,Seth Moulton,70
Beto O'Rourke,Julián Castro,Wayne Messam,69
Beto O'Rourke,Pete Buttigieg,Wayne Messam,69
Julián Castro,Michael Bennet,Mike Gravel,69
Bill de Blasio,Julián Castro,Michael Bennet,69
Andrew Yang,Bill de Blasio,Jay Inslee,69
Amy Klobuchar,Jay Inslee,Wayne Messam,69
Kirsten Gillibrand,Mike Gravel,Steve Bullock,69
Bill de Blasio,Eric Swalwell,Julián Castro,68
John Hickenlooper,Seth Moulton,Tulsi Gabbard,68
Bernie Sanders,Cory Booker,Wayne Messam,68
Marianne Williamson,Seth Moulton,Tulsi Gabbard,67
Julián Castro,Mike Gravel,Seth Moulton,67
Andrew Yang,Bill de Blasio,Cory Booker,67
Cory Booker,Eric Swalwell,Mike Gravel,67
Beto O'Rourke,Kirsten Gillibrand,Mike Gravel,67
Bill de Blasio,Michael Bennet,Pete Buttigieg,67
Kirsten Gillibrand,Michael Bennet,Mike Gravel,67
Beto O'Rourke,Kamala Harris,Wayne Messam,67
Andrew Yang,Bernie Sanders,Wayne Messam,67
Bill de Blasio,Cory Booker,Michael Bennet,67
Kirsten Gillibrand,Mike Gravel,Seth Moulton,67
Bill de Blasio,Elizabeth Warren,Steve Bullock,66
John Delaney,John Hickenlooper,Marianne Williamson,66
Cory Booker,Mike Gravel,Seth Moulton,66
Andrew Yang,Tulsi Gabbard,Wayne Messam,66
Bill de Blasio,Kamala Harris,Michael Bennet,66
Andrew Yang,Pete Buttigieg,Wayne Messam,66
John Hickenlooper,Marianne Williamson,Steve Bullock,65
Julián Castro,Mike Gravel,Steve Bullock,65
John Delaney,Marianne Williamson,Tim Ryan,65
Joe Biden,Mike Gravel,Pete Buttigieg,65
Steve Bullock,Tim Ryan,Tulsi Gabbard,64
Pete Buttigieg,Tulsi Gabbard,Wayne Messam,64
Amy Klobuchar,Andrew Yang,Mike Gravel,64
Andrew Yang,Julián Castro,Wayne Messam,64
John Hickenlooper,Marianne Williamson,Tim Ryan,64
Andrew Yang,John Delaney,Steve Bullock,64
Andrew Yang,Jay Inslee,Wayne Messam,64
Beto O'Rourke,John Delaney,Seth Moulton,64
Bernie Sanders,Kirsten Gillibrand,Wayne Messam,64
Bill de Blasio,Kirsten Gillibrand,Tulsi Gabbard,64
Bill de Blasio,Elizabeth Warren,Eric Swalwell,63
Amy Klobuchar,Bernie Sanders,Bill de Blasio,63
Bill de Blasio,Joe Biden,Kirsten Gillibrand,63
Eric Swalwell,Mike Gravel,Seth Moulton,63
John Delaney,Marianne Williamson,Michael Bennet,63
Amy Klobuchar,Beto O'Rourke,Mike Gravel,63
Eric Swalwell,Kamala Harris,Mike Gravel,63
Bernie Sanders,John Delaney,Marianne Williamson,63
Amy Klobuchar,Bill de Blasio,Joe Biden,62
Andrew Yang,Marianne Williamson,Steve Bullock,62
Bernie Sanders,Bill de Blasio,Joe Biden,62
Andrew Yang,Marianne Williamson,Wayne Messam,61
Joe Biden,John Delaney,Tulsi Gabbard,61
Beto O'Rourke,Cory Booker,Wayne Messam,61
Beto O'Rourke,Bill de Blasio,Kirsten Gillibrand,61
Elizabeth Warren,Mike Gravel,Wayne Messam,61
Elizabeth Warren,Eric Swalwell,Wayne Messam,61
Bill de Blasio,Cory Booker,Eric Swalwell,61
Eric Swalwell,Julián Castro,Wayne Messam,60
Joe Biden,John Hickenlooper,Marianne Williamson,60
Bill de Blasio,Jay Inslee,Joe Biden,60
Amy Klobuchar,Marianne Williamson,Mike Gravel,60
Amy Klobuchar,Beto O'Rourke,Bill de Blasio,60
Mike Gravel,Pete Buttigieg,Steve Bullock,60
Andrew Yang,Bill de Blasio,Tulsi Gabbard,60
Bill de Blasio,Eric Swalwell,Kamala Harris,60
Bill de Blasio,Elizabeth Warren,Tim Ryan,59
Bill de Blasio,Julián Castro,Steve Bullock,59
Eric Swalwell,Jay Inslee,Wayne Messam,59
John Hickenlooper,Marianne Williamson,Seth Moulton,59
Michael Bennet,Mike Gravel,Seth Moulton,59
Bernie Sanders,Mike Gravel,Tim Ryan,59
Kamala Harris,Marianne Williamson,Wayne Messam,58
Joe Biden,Seth Moulton,Tulsi Gabbard,58
Andrew Yang,Cory Booker,Wayne Messam,58
Bill de Blasio,Eric Swalwell,Michael Bennet,58
Bill de Blasio,Eric Swalwell,Jay Inslee,58
Bill de Blasio,Elizabeth Warren,Marianne Williamson,58
Bill de Blasio,Elizabeth Warren,John Hickenlooper,58
Jay Inslee,Tulsi Gabbard,Wayne Messam,58
Bernie Sanders,John Delaney,Tim Ryan,58
Jay Inslee,Mike Gravel,Tim Ryan,58
Eric Swalwell,Michael Bennet,Mike Gravel,58
Amy Klobuchar,Beto O'Rourke,Wayne Messam,58
Bill de Blasio,Pete Buttigieg,Tim Ryan,58
John Delaney,Steve Bullock,Tulsi Gabbard,58
Bernie Sanders,Marianne Williamson,Wayne Messam,58
Amy Klobuchar,Mike Gravel,Seth Moulton,58
Elizabeth Warren,Mike Gravel,Tim Ryan,58
Beto O'Rourke,Marianne Williamson,Mike Gravel,57
Bill de Blasio,Jay Inslee,Michael Bennet,57
Elizabeth Warren,Joe Biden,Wayne Messam,57
Michael Bennet,Mike Gravel,Steve Bullock,57
Bill de Blasio,Jay Inslee,Steve Bullock,57
Marianne Williamson,Tulsi Gabbard,Wayne Messam,57
John Delaney,Seth Moulton,Tulsi Gabbard,57
Jay Inslee,Marianne Williamson,Wayne Messam,57
Amy Klobuchar,Bernie Sanders,Wayne Messam,57
Julián Castro,Tulsi Gabbard,Wayne Messam,57
Bernie Sanders,John Delaney,Seth Moulton,57
Andrew Yang,John Delaney,Seth Moulton,56
Bill de Blasio,Kirsten Gillibrand,Michael Bennet,56
Kamala Harris,Tulsi Gabbard,Wayne Messam,56
Marianne Williamson,Michael Bennet,Mike Gravel,56
Bill de Blasio,Eric Swalwell,Pete Buttigieg,56
Andrew Yang,Kamala Harris,Wayne Messam,55
Bernie Sanders,Bill de Blasio,Eric Swalwell,55
Amy Klobuchar,Bill de Blasio,Michael Bennet,55
Andrew Yang,Bill de Blasio,Kirsten Gillibrand,55
Bill de Blasio,John Hickenlooper,Pete Buttigieg,55
Michael Bennet,Mike Gravel,Pete Buttigieg,55
Joe Biden,John Delaney,Marianne Williamson,55
Bernie Sanders,John Delaney,Steve Bullock,55
Eric Swalwell,Pete Buttigieg,Wayne Messam,55
Bill de Blasio,Kamala Harris,Tim Ryan,55
Bernie Sanders,Beto O'Rourke,Wayne Messam,55
Andrew Yang,Mike Gravel,Seth Moulton,55
Cory Booker,Michael Bennet,Mike Gravel,55
Mike Gravel,Seth Moulton,Steve Bullock,54
Bill de Blasio,Cory Booker,Tim Ryan,54
Julián Castro,Marianne Williamson,Wayne Messam,54
Marianne Williamson,Pete Buttigieg,Wayne Messam,54
Bill de Blasio,John Hickenlooper,Julián Castro,54
Mike Gravel,Tulsi Gabbard,Wayne Messam,54
Amy Klobuchar,Eric Swalwell,Mike Gravel,54
Bill de Blasio,Julián Castro,Tim Ryan,54
Eric Swalwell,Kamala Harris,Wayne Messam,54
Mike Gravel,Steve Bullock,Tulsi Gabbard,54
Kirsten Gillibrand,Marianne Williamson,Wayne Messam,53
Andrew Yang,Eric Swalwell,Mike Gravel,53
Beto O'Rourke,Jay Inslee,Wayne Messam,53
Amy Klobuchar,Michael Bennet,Mike Gravel,53
Bill de Blasio,Pete Buttigieg,Steve Bullock,53
Jay Inslee,John Hickenlooper,Wayne Messam,53
Bill de Blasio,Jay Inslee,Tim Ryan,53
Beto O'Rourke,Kirsten Gillibrand,Wayne Messam,53
Kirsten Gillibrand,Tulsi Gabbard,Wayne Messam,52
Cory Booker,Mike Gravel,Steve Bullock,52
Amy Klobuchar,Bill de Blasio,Tulsi Gabbard,52
Elizabeth Warren,John Delaney,Wayne Messam,52
Bill de Blasio,Marianne Williamson,Tulsi Gabbard,52
Bill de Blasio,Cory Booker,Marianne Williamson,52
Bill de Blasio,Jay Inslee,John Hickenlooper,52
Cory Booker,Marianne Williamson,Wayne Messam,52
Bill de Blasio,Kamala Harris,Steve Bullock,52
Bill de Blasio,Eric Swalwell,Kirsten Gillibrand,52
Bernie Sanders,Bill de Blasio,Marianne Williamson,52
Cory Booker,Tulsi Gabbard,Wayne Messam,52
Bill de Blasio,Kamala Harris,Marianne Williamson,52
Joe Biden,Kamala Harris,Wayne Messam,52
Marianne Williamson,Mike Gravel,Seth Moulton,51
Mike Gravel,Tim Ryan,Tulsi Gabbard,51
Amy Klobuchar,Tulsi Gabbard,Wayne Messam,51
Bernie Sanders,Bill de Blasio,Michael Bennet,51
Marianne Williamson,Steve Bullock,Tim Ryan,51
Mike Gravel,Seth Moulton,Tulsi Gabbard,51
Michael Bennet,Mike Gravel,Tulsi Gabbard,51
Joe Biden,Julián Castro,Wayne Messam,51
Amy Klobuchar,Bill de Blasio,John Hickenlooper,50
John Delaney,Marianne Williamson,Steve Bullock,50
Amy Klobuchar,Mike Gravel,Steve Bullock,50
Eric Swalwell,Kirsten Gillibrand,Wayne Messam,50
Eric Swalwell,Marianne Williamson,Mike Gravel,50
Bill de Blasio,Cory Booker,Steve Bullock,50
Bill de Blasio,Kirsten Gillibrand,Steve Bullock,50
Bill de Blasio,Kirsten Gillibrand,Tim Ryan,50
John Hickenlooper,Julián Castro,Wayne Messam,50
Elizabeth Warren,John Hickenlooper,Wayne Messam,50
Marianne Williamson,Mike Gravel,Wayne Messam,50
Bernie Sanders,Bill de Blasio,Steve Bullock,50
Beto O'Rourke,Bill de Blasio,Michael Bennet,50
John Hickenlooper,Pete Buttigieg,Wayne Messam,49
Eric Swalwell,Mike Gravel,Tulsi Gabbard,49
Beto O'Rourke,Joe Biden,Mike Gravel,49
Bill de Blasio,Julián Castro,Marianne Williamson,49
Jay Inslee,John Delaney,Wayne Messam,49
Jay Inslee,John Hickenlooper,Mike Gravel,49
Julián Castro,Steve Bullock,Wayne Messam,49
Andrew Yang,Kirsten Gillibrand,Wayne Messam,49
Bill de Blasio,Marianne Williamson,Pete Buttigieg,49
Amy Klobuchar,John Hickenlooper,Wayne Messam,49
Joe Biden,Pete Buttigieg,Wayne Messam,49
Jay Inslee,Tim Ryan,Wayne Messam,48
John Delaney,Marianne Williamson,Seth Moulton,48
John Delaney,John Hickenlooper,Wayne Messam,48
Bill de Blasio,Joe Biden,Michael Bennet,48
Amy Klobuchar,Bill de Blasio,Eric Swalwell,48
Amy Klobuchar,Eric Swalwell,Wayne Messam,48
Eric Swalwell,Mike Gravel,Steve Bullock,48
John Hickenlooper,Kirsten Gillibrand,Wayne Messam,48
Andrew Yang,Beto O'Rourke,Bill de Blasio,48
Bill de Blasio,Cory Booker,John Hickenlooper,48
Andrew Yang,Mike Gravel,Tim Ryan,48
Cory Booker,Eric Swalwell,Wayne Messam,48
Jay Inslee,Joe Biden,Mike Gravel,47
Bill de Blasio,Jay Inslee,Marianne Williamson,47
Andrew Yang,Mike Gravel,Wayne Messam,47
Elizabeth Warren,Tim Ryan,Wayne Messam,47
Mike Gravel,Pete Buttigieg,Tim Ryan,47
Bill de Blasio,John Hickenlooper,Kirsten Gillibrand,47
John Delaney,Julián Castro,Wayne Messam,47
Bill de Blasio,John Hickenlooper,Kamala Harris,47
Beto O'Rourke,Bill de Blasio,Eric Swalwell,47
Julián Castro,Mike Gravel,Tim Ryan,47
Kamala Harris,Mike Gravel,Steve Bullock,46
Amy Klobuchar,Andrew Yang,Wayne Messam,46
Beto O'Rourke,Bill de Blasio,Tim Ryan,46
Amy Klobuchar,Bill de Blasio,Tim Ryan,46
Elizabeth Warren,Steve Bullock,Wayne Messam,46
Kamala Harris,Michael Bennet,Mike Gravel,46
Bill de Blasio,Michael Bennet,Tim Ryan,46
Bill de Blasio,John Hickenlooper,Tim Ryan,46
Amy Klobuchar,Marianne Williamson,Wayne Messam,46
Eric Swalwell,Tim Ryan,Wayne Messam,46
Beto O'Rourke,Joe Biden,Wayne Messam,46
Jay Inslee,Steve Bullock,Wayne Messam,45
Andrew Yang,Mike Gravel,Steve Bullock,45
John Delaney,Tim Ryan,Wayne Messam,45
Joe Biden,Kamala Harris,Mike Gravel,45
Beto O'Rourke,Bill de Blasio,Tulsi Gabbard,45
Bill de Blasio,John Hickenlooper,Michael Bennet,45
Kamala Harris,Mike Gravel,Seth Moulton,45
Amy Klobuchar,Michael Bennet,Wayne Messam,45
Michael Bennet,Pete Buttigieg,Wayne Messam,44
Bill de Blasio,Kirsten Gillibrand,Marianne Williamson,44
Jay Inslee,Mike Gravel,Wayne Messam,44
Julián Castro,Tim Ryan,Wayne Messam,44
Cory Booker,John Delaney,Wayne Messam,44
Bernie Sanders,Bill de Blasio,Tim Ryan,44
Bill de Blasio,Michael Bennet,Steve Bullock,44
Amy Klobuchar,John Delaney,Wayne Messam,44
Cory Booker,Joe Biden,Wayne Messam,44
Jay Inslee,John Delaney,Mike Gravel,44
Beto O'Rourke,Eric Swalwell,Mike Gravel,44
Amy Klobuchar,Joe Biden,Wayne Messam,44
Marianne Williamson,Mike Gravel,Tim Ryan,44
John Hickenlooper,Kamala Harris,Wayne Messam,43
Elizabeth Warren,John Hickenlooper,Mike Gravel,43
Andrew Yang,Michael Bennet,Mike Gravel,43
Pete Buttigieg,Tim Ryan,Wayne Messam,43
Julián Castro,Michael Bennet,Wayne Messam,43
Jay Inslee,Joe Biden,Wayne Messam,43
Joe Biden,Julián Castro,Mike Gravel,43
Amy Klobuchar,Bill de Blasio,Steve Bullock,43
John Delaney,Mike Gravel,Tulsi Gabbard,43
Andrew Yang,John Delaney,Mike Gravel,43
Elizabeth Warren,Michael Bennet,Wayne Messam,43
Eric Swalwell,John Delaney,Wayne Messam,43
Bill de Blasio,Tim Ryan,Tulsi Gabbard,43
Cory Booker,John Hickenlooper,Wayne Messam,43
Mike Gravel,Seth Moulton,Tim Ryan,42
Bernie Sanders,Bill de Blasio,Mike Gravel,42
Elizabeth Warren,Seth Moulton,Wayne Messam,42
Cory Booker,Joe Biden,Mike Gravel,42
Jay Inslee,Michael Bennet,Wayne Messam,42
Kirsten Gillibrand,Seth Moulton,Wayne Messam,42
John Delaney,Kamala Harris,Wayne Messam,42
Kirsten Gillibrand,Steve Bullock,Wayne Messam,42
Bill de Blasio,John Hickenlooper,Steve Bullock,42
Beto O'Rourke,Mike Gravel,Steve Bullock,42
Beto O'Rourke,Bill de Blasio,John Hickenlooper,42
Bill de Blasio,Eric Swalwell,Tim Ryan,42
Andrew Yang,Bill de Blasio,Tim Ryan,42
Bill de Blasio,Joe Biden,Tim Ryan,42
Kamala Harris,Michael Bennet,Wayne Messam,42
John Delaney,Kirsten Gillibrand,Wayne Messam,42
Beto O'Rourke,Tulsi Gabbard,Wayne Messam,42
Pete Buttigieg,Steve Bullock,Wayne Messam,41
Bill de Blasio,Eric Swalwell,Joe Biden,41
Marianne Williamson,Mike Gravel,Steve Bullock,41
Eric Swalwell,Mike Gravel,Tim Ryan,41
Bernie Sanders,Bill de Blasio,John Hickenlooper,41
Beto O'Rourke,Mike Gravel,Seth Moulton,41
Kirsten Gillibrand,Michael Bennet,Wayne Messam,41
Bill de Blasio,Eric Swalwell,Tulsi Gabbard,41
Bernie Sanders,Eric Swalwell,Wayne Messam,41
Andrew Yang,Bill de Blasio,Michael Bennet,40
Pete Buttigieg,Seth Moulton,Wayne Messam,40
John Hickenlooper,Mike Gravel,Steve Bullock,40
Beto O'Rourke,John Hickenlooper,Wayne Messam,40
Eric Swalwell,Seth Moulton,Wayne Messam,40
Eric Swalwell,John Hickenlooper,Wayne Messam,40
Amy Klobuchar,Steve Bullock,Wayne Messam,40
Amy Klobuchar,Seth Moulton,Wayne Messam,40
Michael Bennet,Mike Gravel,Tim Ryan,40
Amy Klobuchar,Tim Ryan,Wayne Messam,40
John Delaney,Tulsi Gabbard,Wayne Messam,40
Jay Inslee,Seth Moulton,Wayne Messam,40
Cory Booker,Mike Gravel,Tim Ryan,40
John Delaney,Pete Buttigieg,Wayne Messam,40
John Hickenlooper,Julián Castro,Mike Gravel,40
Andrew Yang,Beto O'Rourke,Wayne Messam,40
Mike Gravel,Pete Buttigieg,Wayne Messam,40
Bernie Sanders,John Hickenlooper,Mike Gravel,40
Andrew Yang,Eric Swalwell,Wayne Messam,40
Bill de Blasio,Eric Swalwell,Steve Bullock,39
Amy Klobuchar,Andrew Yang,Bill de Blasio,39
Amy Klobuchar,John Hickenlooper,Mike Gravel,39
Bill de Blasio,Steve Bullock,Tim Ryan,39
Bill de Blasio,Eric Swalwell,John Hickenlooper,39
Kamala Harris,Steve Bullock,Wayne Messam,39
Kirsten Gillibrand,Mike Gravel,Tim Ryan,39
Bill de Blasio,Joe Biden,John Hickenlooper,39
Bill de Blasio,John Hickenlooper,Tulsi Gabbard,39
John Hickenlooper,Mike Gravel,Pete Buttigieg,39
Joe Biden,Kirsten Gillibrand,Mike Gravel,39
Michael Bennet,Seth Moulton,Wayne Messam,39
Julián Castro,Mike Gravel,Wayne Messam,39
Marianne Williamson,Seth Moulton,Wayne Messam,39
Eric Swalwell,Tulsi Gabbard,Wayne Messam,39
John Hickenlooper,Michael Bennet,Mike Gravel,39
John Hickenlooper,Tim Ryan,Wayne Messam,39
Andrew Yang,Bill de Blasio,Eric Swalwell,39
Andrew Yang,Bill de Blasio,Joe Biden,39
Kamala Harris,Tim Ryan,Wayne Messam,38
Cory Booker,Michael Bennet,Wayne Messam,38
Bill de Blasio,Kirsten Gillibrand,Seth Moulton,38
Kirsten Gillibrand,Tim Ryan,Wayne Messam,38
John Delaney,Marianne Williamson,Mike Gravel,38
Cory Booker,Tim Ryan,Wayne Messam,38
Beto O'Rourke,Steve Bullock,Wayne Messam,38
Amy Klobuchar,Joe Biden,Mike Gravel,38
Andrew Yang,Tim Ryan,Wayne Messam,38
Beto O'Rourke,Bill de Blasio,Steve Bullock,38
Bill de Blasio,Elizabeth Warren,Seth Moulton,38
Bill de Blasio,Michael Bennet,Tulsi Gabbard,38
Julián Castro,Seth Moulton,Wayne Messam,38
John Hickenlooper,Tulsi Gabbard,Wayne Messam,38
Joe Biden,Kirsten Gillibrand,Wayne Messam,38
Eric Swalwell,Marianne Williamson,Wayne Messam,38
Eric Swalwell,Michael Bennet,Wayne Messam,38
Beto O'Rourke,Eric Swalwell,Wayne Messam,38
Bill de Blasio,Jay Inslee,Seth Moulton,38
Kamala Harris,Seth Moulton,Wayne Messam,38
John Hickenlooper,Kirsten Gillibrand,Mike Gravel,37
Amy Klobuchar,Bill de Blasio,Marianne Williamson,37
Michael Bennet,Steve Bullock,Wayne Messam,37
Tim Ryan,Tulsi Gabbard,Wayne Messam,37
Elizabeth Warren,John Delaney,Mike Gravel,37
Andrew Yang,John Hickenlooper,Wayne Messam,37
Beto O'Rourke,Michael Bennet,Mike Gravel,37
Beto O'Rourke,Marianne Williamson,Wayne Messam,37
Bernie Sanders,Steve Bullock,Wayne Messam,37
Bill de Blasio,Julián Castro,Seth Moulton,37
Bill de Blasio,John Delaney,Kamala Harris,37
Andrew Yang,John Hickenlooper,Mike Gravel,37
Bill de Blasio,Pete Buttigieg,Seth Moulton,37
Bill de Blasio,Elizabeth Warren,Mike Gravel,37
John Delaney,Kirsten Gillibrand,Mike Gravel,36
Cory Booker,Seth Moulton,Wayne Messam,36
Beto O'Rourke,John Delaney,Wayne Messam,36
Eric Swalwell,John Hickenlooper,Mike Gravel,36
Andrew Yang,Bill de Blasio,Steve Bullock,36
Andrew Yang,Bill de Blasio,Marianne Williamson,36
Beto O'Rourke,Tim Ryan,Wayne Messam,36
Bill de Blasio,Joe Biden,Steve Bullock,36
Bill de Blasio,Elizabeth Warren,John Delaney,36
Bernie Sanders,John Delaney,Mike Gravel,36
Andrew Yang,John Delaney,Wayne Messam,36
Cory Booker,Steve Bullock,Wayne Messam,36
Bill de Blasio,Steve Bullock,Tulsi Gabbard,36
Seth Moulton,Tim Ryan,Wayne Messam,36
John Hickenlooper,Mike Gravel,Seth Moulton,36
Bill de Blasio,Michael Bennet,Seth Moulton,35
Andrew Yang,Bill de Blasio,John Hickenlooper,35
Eric Swalwell,Steve Bullock,Wayne Messam,35
Bill de Blasio,John Delaney,Julián Castro,35
Steve Bullock,Tim Ryan,Wayne Messam,35
Bill de Blasio,John Delaney,Tim Ryan,35
John Delaney,Marianne Williamson,Wayne Messam,35
Amy Klobuchar,John Delaney,Mike Gravel,35
John Hickenlooper,Mike Gravel,Tulsi Gabbard,34
Bill de Blasio,John Delaney,John Hickenlooper,34
Bill de Blasio,Jay Inslee,John Delaney,34
Beto O'Rourke,Michael Bennet,Wayne Messam,34
Bill de Blasio,Eric Swalwell,John Delaney,34
Bill de Blasio,Cory Booker,Seth Moulton,34
Eric Swalwell,Joe Biden,Mike Gravel,34
Eric Swalwell,Joe Biden,Wayne Messam,34
Joe Biden,Mike Gravel,Tulsi Gabbard,34
Seth Moulton,Tulsi Gabbard,Wayne Messam,34
Marianne Williamson,Michael Bennet,Wayne Messam,34
Seth Moulton,Steve Bullock,Wayne Messam,34
Bernie Sanders,John Delaney,Wayne Messam,34
Bernie Sanders,Tim Ryan,Wayne Messam,34
Bernie Sanders,John Hickenlooper,Wayne Messam,33
John Delaney,Mike Gravel,Seth Moulton,33
Mike Gravel,Steve Bullock,Tim Ryan,33
John Hickenlooper,Marianne Williamson,Mike Gravel,33
John Hickenlooper,Steve Bullock,Wayne Messam,33
John Hickenlooper,Marianne Williamson,Wayne Messam,33
John Hickenlooper,Michael Bennet,Wayne Messam,33
Andrew Yang,Joe Biden,Mike Gravel,33
Beto O'Rourke,John Hickenlooper,Mike Gravel,33
Kirsten Gillibrand,Mike Gravel,Wayne Messam,33
Bill de Blasio,Joe Biden,Tulsi Gabbard,33
John Delaney,Julián Castro,Mike Gravel,33
Bill de Blasio,John Delaney,Kirsten Gillibrand,33
Bill de Blasio,Mike Gravel,Tulsi Gabbard,33
Amy Klobuchar,Mike Gravel,Tim Ryan,33
Eric Swalwell,John Delaney,Mike Gravel,33
Bill de Blasio,Marianne Williamson,Tim Ryan,33
Amy Klobuchar,Bill de Blasio,John Delaney,32
Beto O'Rourke,Mike Gravel,Tim Ryan,32
Michael Bennet,Tim Ryan,Wayne Messam,32
John Hickenlooper,Kamala Harris,Mike Gravel,32
Joe Biden,Marianne Williamson,Mike Gravel,32
Bernie Sanders,Joe Biden,Wayne Messam,32
Bill de Blasio,John Delaney,Pete Buttigieg,32
Cory Booker,John Delaney,Mike Gravel,32
Joe Biden,Tim Ryan,Wayne Messam,32
Amy Klobuchar,Bill de Blasio,Seth Moulton,32
John Hickenlooper,Seth Moulton,Wayne Messam,32
Bill de Blasio,Eric Swalwell,Seth Moulton,32
Cory Booker,John Hickenlooper,Mike Gravel,31
John Delaney,Mike Gravel,Tim Ryan,31
Joe Biden,John Hickenlooper,Wayne Messam,31
Joe Biden,Michael Bennet,Mike Gravel,31
Beto O'Rourke,Seth Moulton,Wayne Messam,31
John Delaney,Steve Bullock,Wayne Messam,31
John Delaney,Seth Moulton,Wayne Messam,31
Bill de Blasio,Cory Booker,John Delaney,31
Bernie Sanders,Seth Moulton,Wayne Messam,31
John Delaney,Mike Gravel,Steve Bullock,31
Bill de Blasio,John Delaney,Tulsi Gabbard,31
Bernie Sanders,Michael Bennet,Wayne Messam,31
Beto O'Rourke,Bill de Blasio,John Delaney,31
Marianne Williamson,Tim Ryan,Wayne Messam,31
John Delaney,John Hickenlooper,Mike Gravel,31
Bill de Blasio,John Delaney,Michael Bennet,31
John Delaney,Michael Bennet,Wayne Messam,31
John Delaney,Michael Bennet,Mike Gravel,30
Andrew Yang,Seth Moulton,Wayne Messam,30
Bill de Blasio,Marianne Williamson,Michael Bennet,30
Beto O'Rourke,Bill de Blasio,Marianne Williamson,30
Bill de Blasio,Seth Moulton,Tim Ryan,30
Joe Biden,Mike Gravel,Seth Moulton,30
Bill de Blasio,Kamala Harris,Seth Moulton,30
John Hickenlooper,Mike Gravel,Tim Ryan,30
Kamala Harris,Mike Gravel,Tim Ryan,29
Joe Biden,John Delaney,Wayne Messam,29
Beto O'Rourke,Bill de Blasio,Seth Moulton,29
Michael Bennet,Tulsi Gabbard,Wayne Messam,29
John Delaney,Mike Gravel,Pete Buttigieg,29
John Delaney,Kamala Harris,Mike Gravel,29
Bernie Sanders,Bill de Blasio,Seth Moulton,29
Andrew Yang,Steve Bullock,Wayne Messam,29
Andrew Yang,Joe Biden,Wayne Messam,28
Bill de Blasio,John Hickenlooper,Seth Moulton,28
Bill de Blasio,Joe Biden,Seth Moulton,28
Bill de Blasio,Joe Biden,Marianne Williamson,28
Bill de Blasio,Julián Castro,Mike Gravel,28
Andrew Yang,Michael Bennet,Wayne Messam,28
Joe Biden,Marianne Williamson,Wayne Messam,28
Bill de Blasio,Seth Moulton,Steve Bullock,28
Marianne Williamson,Steve Bullock,Wayne Messam,28
Bill de Blasio,Eric Swalwell,Marianne Williamson,27
Kamala Harris,Mike Gravel,Wayne Messam,27
Bill de Blasio,Joe Biden,John Delaney,27
Bill de Blasio,Jay Inslee,Mike Gravel,27
Mike Gravel,Steve Bullock,Wayne Messam,27
Steve Bullock,Tulsi Gabbard,Wayne Messam,27
Bill de Blasio,John Hickenlooper,Marianne Williamson,27
Bill de Blasio,John Delaney,Steve Bullock,27
Joe Biden,Michael Bennet,Wayne Messam,27
Andrew Yang,Bill de Blasio,Mike Gravel,27
Joe Biden,Steve Bullock,Wayne Messam,26
Joe Biden,Tulsi Gabbard,Wayne Messam,26
Cory Booker,Mike Gravel,Wayne Messam,26
Joe Biden,Mike Gravel,Steve Bullock,26
Beto O'Rourke,John Delaney,Mike Gravel,26
Andrew Yang,Bill de Blasio,John Delaney,26
Bernie Sanders,Bill de Blasio,John Delaney,26
Bill de Blasio,Kirsten Gillibrand,Mike Gravel,26
Mike Gravel,Seth Moulton,Wayne Messam,26
Bill de Blasio,Seth Moulton,Tulsi Gabbard,26
Bill de Blasio,Marianne Williamson,Steve Bullock,25
Mike Gravel,Tim Ryan,Wayne Messam,25
Joe Biden,John Hickenlooper,Mike Gravel,25
Beto O'Rourke,Mike Gravel,Wayne Messam,24
Bill de Blasio,Cory Booker,Mike Gravel,24
Bill de Blasio,Mike Gravel,Pete Buttigieg,23
Eric Swalwell,Mike Gravel,Wayne Messam,23
Andrew Yang,Bill de Blasio,Seth Moulton,23
Amy Klobuchar,Mike Gravel,Wayne Messam,22
Bill de Blasio,Marianne Williamson,Mike Gravel,22
Michael Bennet,Mike Gravel,Wayne Messam,22
Bill de Blasio,Mike Gravel,Steve Bullock,22
Bill de Blasio,John Delaney,Marianne Williamson,20
John Hickenlooper,Mike Gravel,Wayne Messam,20
Bill de Blasio,Elizabeth Warren,Wayne Messam,20
John Delaney,Mike Gravel,Wayne Messam,20
Joe Biden,Mike Gravel,Tim Ryan,20
Bill de Blasio,Julián Castro,Wayne Messam,20
Bill de Blasio,John Delaney,Seth Moulton,20
Joe Biden,Seth Moulton,Wayne Messam,20
Bill de Blasio,Marianne Williamson,Seth Moulton,20
Beto O'Rourke,Bill de Blasio,Mike Gravel,20
Bill de Blasio,Steve Bullock,Wayne Messam,19
Beto O'Rourke,Bill de Blasio,Wayne Messam,19
Bill de Blasio,Kamala Harris,Mike Gravel,19
Bill de Blasio,Jay Inslee,Wayne Messam,19
Bernie Sanders,Bill de Blasio,Wayne Messam,19
Bill de Blasio,Tulsi Gabbard,Wayne Messam,18
Joe Biden,John Delaney,Mike Gravel,18
Bill de Blasio,Kirsten Gillibrand,Wayne Messam,18
Bill de Blasio,Kamala Harris,Wayne Messam,17
Amy Klobuchar,Bill de Blasio,Wayne Messam,17
Bill de Blasio,Mike Gravel,Tim Ryan,16
Bill de Blasio,Mike Gravel,Seth Moulton,16
Bill de Blasio,Pete Buttigieg,Wayne Messam,16
Bill de Blasio,Michael Bennet,Mike Gravel,16
Bill de Blasio,Eric Swalwell,Mike Gravel,16
Bill de Blasio,John Hickenlooper,Wayne Messam,16
Bill de Blasio,Tim Ryan,Wayne Messam,15
Andrew Yang,Bill de Blasio,Wayne Messam,15
Bill de Blasio,Eric Swalwell,Wayne Messam,15
Bill de Blasio,John Delaney,Wayne Messam,15
Bill de Blasio,Marianne Williamson,Wayne Messam,15
Bill de Blasio,Cory Booker,Wayne Messam,14
Bill de Blasio,Joe Biden,Wayne Messam,14
Bill de Blasio,John Hickenlooper,Mike Gravel,14
Bill de Blasio,Mike Gravel,Wayne Messam,14
Joe Biden,Mike Gravel,Wayne Messam,13
Amy Klobuchar,Bill de Blasio,Mike Gravel,13
Bill de Blasio,Michael Bennet,Wayne Messam,13
Bill de Blasio,John Delaney,Mike Gravel,11
Bill de Blasio,Seth Moulton,Wayne Messam,11
Bill de Blasio,Joe Biden,Mike Gravel,11
